/*
SQLyog Community v13.1.9 (64 bit)
MySQL - 10.4.28-MariaDB : Database - projekat
*********************************************************************
*/

/*!40101 SET NAMES utf8 */;

/*!40101 SET SQL_MODE=''*/;

/*!40014 SET @OLD_UNIQUE_CHECKS=@@UNIQUE_CHECKS, UNIQUE_CHECKS=0 */;
/*!40014 SET @OLD_FOREIGN_KEY_CHECKS=@@FOREIGN_KEY_CHECKS, FOREIGN_KEY_CHECKS=0 */;
/*!40101 SET @OLD_SQL_MODE=@@SQL_MODE, SQL_MODE='NO_AUTO_VALUE_ON_ZERO' */;
/*!40111 SET @OLD_SQL_NOTES=@@SQL_NOTES, SQL_NOTES=0 */;
CREATE DATABASE /*!32312 IF NOT EXISTS*/`projekat` /*!40100 DEFAULT CHARACTER SET utf8mb4 COLLATE utf8mb4_general_ci */;

USE `projekat`;

/*Table structure for table `failed_jobs` */

DROP TABLE IF EXISTS `failed_jobs`;

CREATE TABLE `failed_jobs` (
  `id` bigint(20) unsigned NOT NULL AUTO_INCREMENT,
  `uuid` varchar(255) NOT NULL,
  `connection` text NOT NULL,
  `queue` text NOT NULL,
  `payload` longtext NOT NULL,
  `exception` longtext NOT NULL,
  `failed_at` timestamp NOT NULL DEFAULT current_timestamp(),
  PRIMARY KEY (`id`),
  UNIQUE KEY `failed_jobs_uuid_unique` (`uuid`)
) ENGINE=InnoDB DEFAULT CHARSET=utf8mb4 COLLATE=utf8mb4_unicode_ci;

/*Data for the table `failed_jobs` */

/*Table structure for table `igrac` */

DROP TABLE IF EXISTS `igrac`;

CREATE TABLE `igrac` (
  `IgracID` int(11) NOT NULL AUTO_INCREMENT,
  `KlubID` int(11) DEFAULT NULL,
  `Ime` varchar(40) DEFAULT NULL,
  `Prezime` varchar(40) DEFAULT NULL,
  `Kategorija` varchar(40) DEFAULT NULL,
  `Rejting` int(11) DEFAULT NULL,
  `email` varchar(40) DEFAULT NULL,
  `password` varchar(40) DEFAULT NULL,
  PRIMARY KEY (`IgracID`),
  KEY `fk_klub` (`KlubID`),
  CONSTRAINT `fk_klub` FOREIGN KEY (`KlubID`) REFERENCES `klub` (`KlubID`)
) ENGINE=InnoDB AUTO_INCREMENT=55 DEFAULT CHARSET=utf8mb4 COLLATE=utf8mb4_general_ci;

/*Data for the table `igrac` */

insert  into `igrac`(`IgracID`,`KlubID`,`Ime`,`Prezime`,`Kategorija`,`Rejting`,`email`,`password`) values 
(0,1,'Steven','Adler','III',0,'player0@gmail.com','11111111'),
(1,1,'Axl','Rose','MK',1987,'player1@gmail.com','11111111'),
(2,2,'Slash','/','II',1783,'player2@gmail.com','11111111'),
(3,3,'Duff','McKagan','I',1900,'player3@gmail.com','11111111'),
(4,4,'Izzy','Stradlin','II',1676,'player4@gmail.com','11111111'),
(5,2,'James','Hetfild','IV',0,'player5@gmail.com','11111111'),
(6,3,'Lars','Ulrich','MK',2200,'player6@gmail.com','11111111'),
(7,4,'Kirk','Hammet','FM',2500,'player7@gmail.com','11111111'),
(8,3,'Robert','Trujillo','I',1800,'player8@gmail.com','11111111'),
(9,3,'Myles','Kennedy','IV',0,'player9@gmail.com','11111111'),
(11,2,'Ozzy','Osbourne','MK',1900,'player10@gmail.com','11111111'),
(12,4,'RonnieJames','Dio','III',1567,'player11@gmail.com','1111111'),
(13,5,'Ian ','Gilan','IV',0,'player12@gmail.com','11111111'),
(14,6,'Robert ','Plant','MK',1700,'player13@gmail.com','11111111'),
(15,7,'Ritchie','Blackmour','FM',2300,'player14@gmail.com','11111111'),
(16,8,'Jimmy','Page','III',1565,'player15@gmail.com','11111111'),
(17,9,'David','Gilmour','II',1670,'player16@gmail.com','11111111'),
(18,10,'Agnus','Young','I',0,'player17@gmail.com','11111111'),
(19,11,'Malcolm','Young','I',1900,'player18@gmail.com','11111111'),
(20,12,'Zakk','Wylde','I',0,'player19@gmail.com','11111111'),
(21,12,'Tony','Martin','IV',0,'player20@gmail.com','11111111'),
(22,9,'Lemmy','Kilmister','VM',2200,'player21@gmail.com','11111111'),
(23,6,'Sebastian','Bach','IV',0,'player22@gmail.com','11111111'),
(24,7,'Josh','Kizska','IV',1500,'player23@gmail.com','11111111'),
(25,7,'Phil','Anselmo','III',0,'player24@gmail.com','11111111'),
(26,8,'Vince','Neil','II',0,'player25@gmail.com','11111111'),
(27,5,'Jon ','BonJovi','MK',1890,'player26@gmail.com','11111111'),
(28,5,'Jimi','Hendrix','I',1980,'player27@gmail.com','11111111'),
(29,1,'Steven','Tyler','IV',1456,'player28@gmail.com','11111111'),
(32,11,'David','Coverdale','I',0,'player29@gmail.com','11111111'),
(33,7,'Ken','Hensley','I',0,'player30@gmail.com','11111111'),
(34,2,'David Lee','Roth','IV',0,'player31@gmail.com','11111111'),
(35,7,'Johnn','Bonham','MK',2000,'player32@gmail.com','11111111'),
(37,3,'John','Lennon','II',0,'player33@gmail.com','11111111'),
(39,12,'Amy','Lee','MK',1456,'player34@gmail.com',NULL),
(40,5,'DIO','','IV',1676,'player35@gmail.com',NULL),
(41,1,'Danny ','Wagner','IV',0,'player36@gmail.com',NULL),
(42,2,'Sammy','Kiszka','I',0,'player37@gmail.com',NULL),
(43,3,'Jake','Kiszka','I',0,'player38@gmail.com',NULL),
(44,4,'George','Harrison','MK',1246,'player39@gmail.com',NULL),
(45,4,'Alice','Cooper','III',0,'player40@gmail.com',NULL),
(46,4,'Viktor','Mihajlovic','II',0,'player41@gmail.com',NULL);

/*Table structure for table `klub` */

DROP TABLE IF EXISTS `klub`;

CREATE TABLE `klub` (
  `KlubID` int(11) NOT NULL,
  `Naziv` varchar(40) DEFAULT NULL,
  `Grad` varchar(40) DEFAULT NULL,
  PRIMARY KEY (`KlubID`)
) ENGINE=InnoDB DEFAULT CHARSET=utf8mb4 COLLATE=utf8mb4_general_ci;

/*Data for the table `klub` */

insert  into `klub`(`KlubID`,`Naziv`,`Grad`) values 
(1,'Vidikovac','Beograd'),
(2,'Kralj','Beograd'),
(3,'Cukaricki','Novi Sad'),
(4,'Lasta','Bar'),
(5,'Crvena Zvezda','Beograd'),
(6,'Partizan','Beograd'),
(7,'Delfin','Bar'),
(8,'Tadic','Nis'),
(9,'Mala Rokada','Uzice'),
(10,'Nikola Tesla','Uzice'),
(11,'Nestor','Podgorica'),
(12,'Kapablanka','Niksic');

/*Table structure for table `kolo` */

DROP TABLE IF EXISTS `kolo`;

CREATE TABLE `kolo` (
  `id` int(3) NOT NULL,
  `turnirid` int(3) NOT NULL,
  `redni` int(3) DEFAULT NULL,
  PRIMARY KEY (`id`),
  KEY `fk_turnir` (`turnirid`),
  CONSTRAINT `fk_turnir` FOREIGN KEY (`turnirid`) REFERENCES `turnir` (`TurnirID`) ON DELETE CASCADE
) ENGINE=InnoDB DEFAULT CHARSET=utf8mb4 COLLATE=utf8mb4_general_ci;

/*Data for the table `kolo` */

insert  into `kolo`(`id`,`turnirid`,`redni`) values 
(1,10,NULL),
(2,10,NULL),
(3,10,NULL),
(4,10,NULL),
(566,13,3),
(1462,5,2),
(2177,26,2),
(2233,13,2),
(2375,2,2),
(3155,10,2),
(3836,13,2),
(4483,10,1),
(4791,2,3),
(5077,2,2),
(5994,10,3),
(6081,13,1),
(6682,26,3),
(6922,5,1),
(6960,2,3),
(7838,2,1),
(8136,13,1),
(8179,2,2),
(9291,13,3),
(9710,5,3);

/*Table structure for table `migrations` */

DROP TABLE IF EXISTS `migrations`;

CREATE TABLE `migrations` (
  `id` int(10) unsigned NOT NULL AUTO_INCREMENT,
  `migration` varchar(255) NOT NULL,
  `batch` int(11) NOT NULL,
  PRIMARY KEY (`id`)
) ENGINE=InnoDB AUTO_INCREMENT=9 DEFAULT CHARSET=utf8mb4 COLLATE=utf8mb4_unicode_ci;

/*Data for the table `migrations` */

/*Table structure for table `partija` */

DROP TABLE IF EXISTS `partija`;

CREATE TABLE `partija` (
  `id` int(11) NOT NULL,
  `tabla` int(11) NOT NULL,
  `sudija` int(11) NOT NULL,
  `beli` int(11) NOT NULL,
  `crni` int(11) NOT NULL,
  `kolo` int(11) NOT NULL,
  `turnir` int(11) NOT NULL,
  `bodovibeli` double NOT NULL,
  `bodovicrni` double NOT NULL,
  PRIMARY KEY (`id`),
  KEY `fk_sudija` (`sudija`),
  KEY `fk_beli` (`beli`),
  KEY `fk_crni` (`crni`),
  KEY `fk_jedanturnir` (`turnir`),
  KEY `fk_kolo` (`kolo`),
  CONSTRAINT `fk_beli` FOREIGN KEY (`beli`) REFERENCES `igrac` (`IgracID`),
  CONSTRAINT `fk_crni` FOREIGN KEY (`crni`) REFERENCES `igrac` (`IgracID`),
  CONSTRAINT `fk_jedanturnir` FOREIGN KEY (`turnir`) REFERENCES `turnir` (`TurnirID`) ON DELETE CASCADE,
  CONSTRAINT `fk_kolo` FOREIGN KEY (`kolo`) REFERENCES `kolo` (`id`) ON DELETE CASCADE,
  CONSTRAINT `fk_sudija` FOREIGN KEY (`sudija`) REFERENCES `sudija` (`SudijaID`)
) ENGINE=InnoDB DEFAULT CHARSET=utf8mb4 COLLATE=utf8mb4_general_ci;

/*Data for the table `partija` */

insert  into `partija`(`id`,`tabla`,`sudija`,`beli`,`crni`,`kolo`,`turnir`,`bodovibeli`,`bodovicrni`) values 
(1,1,2,0,0,1,10,1,0),
(2,2,2,0,0,1,10,1,0),
(3,3,2,0,0,1,10,1,0),
(4,4,2,0,0,1,10,1,0),
(5,5,2,0,0,1,10,1,0),
(6,6,2,0,0,1,10,1,0),
(7,7,2,0,0,1,10,1,0),
(8,8,2,0,0,1,10,1,0),
(9,9,2,0,0,1,10,1,0),
(10,10,2,0,0,1,10,1,0),
(11,11,2,0,0,1,10,1,0),
(12,12,2,0,0,1,10,1,0),
(13,13,2,0,0,1,10,1,0),
(14,14,2,0,0,1,10,1,0),
(15,15,2,0,0,1,10,1,0),
(16,16,2,0,0,1,10,1,0),
(17,17,2,0,0,1,10,1,0),
(18,1,2,0,0,2,10,1,0),
(19,2,2,0,0,2,10,1,0),
(20,3,2,0,0,2,10,1,0),
(21,4,2,0,0,2,10,1,0),
(22,5,2,0,0,2,10,1,0),
(23,6,2,0,0,2,10,1,0),
(24,7,2,0,0,2,10,1,0),
(25,8,2,0,0,2,10,1,0),
(26,9,2,0,0,2,10,1,0),
(27,10,2,0,0,2,10,1,0),
(28,11,2,0,0,2,10,1,0),
(29,12,2,0,0,2,10,1,0),
(30,13,2,0,0,2,10,1,0),
(31,14,2,0,0,2,10,1,0),
(32,15,2,0,0,2,10,1,0),
(33,16,2,0,0,2,10,1,0),
(34,1,2,0,0,3,10,1,0),
(35,2,2,0,0,3,10,1,0),
(36,3,2,0,0,3,10,1,0),
(37,4,2,0,0,3,10,1,0),
(38,5,2,0,0,3,10,1,0),
(39,6,2,0,0,3,10,1,0),
(40,7,2,0,0,3,10,1,0),
(41,8,2,0,0,3,10,1,0),
(42,9,2,0,0,3,10,1,0),
(43,10,2,0,0,3,10,1,0),
(44,11,2,0,0,3,10,1,0),
(45,12,2,0,0,3,10,1,0),
(46,13,2,0,0,3,10,1,0),
(47,14,2,0,0,3,10,1,0),
(48,15,2,0,0,3,10,1,0),
(49,16,2,0,0,3,10,1,0),
(50,1,2,0,0,4,10,1,0),
(51,2,2,0,0,4,10,1,0),
(52,3,2,0,0,4,10,1,0),
(53,4,2,0,0,4,10,1,0),
(54,5,2,0,0,4,10,1,0),
(55,6,2,0,0,4,10,1,0),
(56,7,2,0,0,4,10,1,0),
(57,8,2,0,0,4,10,1,0),
(58,9,2,0,0,4,10,1,0),
(59,10,2,0,0,4,10,1,0),
(60,11,2,0,0,4,10,1,0),
(61,12,2,0,0,4,10,1,0),
(62,13,2,0,0,4,10,1,0),
(63,14,2,0,0,4,10,1,0),
(64,15,2,0,0,4,10,1,0),
(65,16,2,0,0,4,10,1,0),
(66,1,2,0,0,2,2,1,0),
(67,2,2,0,0,2,2,1,0),
(68,3,2,0,0,2,2,1,0),
(69,4,2,0,0,2,2,1,0),
(70,5,2,0,0,2,2,1,0),
(71,6,2,0,0,2,2,1,0),
(72,7,2,0,0,2,2,1,0),
(73,8,2,0,0,2,2,1,0),
(74,9,2,0,0,2,2,1,0),
(75,10,2,0,0,2,2,1,0),
(76,11,2,0,0,2,2,1,0),
(77,12,2,0,0,2,2,1,0),
(78,13,2,0,0,2,2,1,0),
(79,14,2,0,0,2,2,1,0),
(80,15,2,0,0,2,2,1,0),
(81,16,2,0,0,2,2,1,0),
(82,1,2,0,0,3,2,1,0),
(83,2,2,0,0,3,2,1,0),
(84,3,2,0,0,3,2,1,0),
(85,4,2,0,0,3,2,1,0),
(86,5,2,0,0,3,2,1,0),
(87,6,2,0,0,3,2,1,0),
(88,7,2,0,0,3,2,1,0),
(89,8,2,0,0,3,2,1,0),
(90,9,2,0,0,3,2,1,0),
(91,10,2,0,0,3,2,1,0),
(92,11,2,0,0,3,2,1,0),
(93,12,2,0,0,3,2,1,0),
(94,13,2,0,0,3,2,1,0),
(95,14,2,0,0,3,2,1,0),
(96,15,2,0,0,3,2,1,0),
(97,16,2,0,0,3,2,1,0),
(98,1,2,0,0,2,2,1,0),
(99,2,2,0,0,2,2,1,0),
(100,3,2,0,0,2,2,1,0),
(101,4,2,0,0,2,2,1,0),
(102,5,2,0,0,2,2,1,0),
(103,6,2,0,0,2,2,1,0),
(104,7,2,0,0,2,2,1,0),
(105,8,2,0,0,2,2,1,0),
(106,9,2,0,0,2,2,1,0),
(107,10,2,0,0,2,2,1,0),
(108,11,2,0,0,2,2,1,0),
(109,12,2,0,0,2,2,1,0),
(110,13,2,0,0,2,2,1,0),
(111,14,2,0,0,2,2,1,0),
(112,15,2,0,0,2,2,1,0),
(113,16,2,0,0,2,2,1,0),
(114,1,2,0,0,3,2,1,0),
(115,2,2,0,0,3,2,1,0),
(116,3,2,0,0,3,2,1,0),
(117,4,2,0,0,3,2,1,0),
(118,5,2,0,0,3,2,1,0),
(119,6,2,0,0,3,2,1,0),
(120,7,2,0,0,3,2,1,0),
(121,8,2,0,0,3,2,1,0),
(122,9,2,0,0,3,2,1,0),
(123,10,2,0,0,3,2,1,0),
(124,11,2,0,0,3,2,1,0),
(125,12,2,0,0,3,2,1,0),
(126,13,2,0,0,3,2,1,0),
(127,14,2,0,0,3,2,1,0),
(128,15,2,0,0,3,2,1,0),
(129,16,2,0,0,3,2,1,0),
(130,1,2,0,0,2,13,1,0),
(131,2,2,0,0,2,13,1,0),
(132,3,2,0,0,2,13,1,0),
(133,4,2,0,0,2,13,1,0),
(134,5,2,0,0,2,13,1,0),
(135,6,2,0,0,2,13,1,0),
(136,7,2,0,0,2,13,1,0),
(137,8,2,0,0,2,13,1,0),
(138,9,2,0,0,2,13,1,0),
(139,10,2,0,0,2,13,1,0),
(140,11,2,0,0,2,13,1,0),
(141,12,2,0,0,2,13,1,0),
(142,13,2,0,0,2,13,1,0),
(143,14,2,0,0,2,13,1,0),
(144,15,2,0,0,2,13,1,0),
(145,16,2,0,0,2,13,1,0),
(146,1,2,0,0,3,13,1,0),
(147,2,2,0,0,3,13,1,0),
(148,3,2,0,0,3,13,1,0),
(149,4,2,0,0,3,13,1,0),
(150,5,2,0,0,3,13,1,0),
(151,6,2,0,0,3,13,1,0),
(152,7,2,0,0,3,13,1,0),
(153,8,2,0,0,3,13,1,0),
(154,9,2,0,0,3,13,1,0),
(155,10,2,0,0,3,13,1,0),
(156,11,2,0,0,3,13,1,0),
(157,12,2,0,0,3,13,1,0),
(158,13,2,0,0,3,13,1,0),
(159,14,2,0,0,3,13,1,0),
(160,15,2,0,0,3,13,1,0),
(161,16,2,0,0,3,13,1,0),
(162,17,2,0,0,3,13,1,0),
(163,1,2,0,0,4,13,1,0),
(164,2,2,0,0,4,13,1,0),
(165,3,2,0,0,4,13,1,0),
(166,4,2,0,0,4,13,1,0),
(167,5,2,0,0,4,13,1,0),
(168,6,2,0,0,4,13,1,0),
(169,7,2,0,0,4,13,1,0),
(170,8,2,0,0,4,13,1,0),
(171,9,2,0,0,4,13,1,0),
(172,10,2,0,0,4,13,1,0),
(173,11,2,0,0,4,13,1,0),
(174,12,2,0,0,4,13,1,0),
(175,13,2,0,0,4,13,1,0),
(176,14,2,0,0,4,13,1,0),
(177,15,2,0,0,4,13,1,0),
(178,16,2,0,0,4,13,1,0),
(179,1,2,0,0,2,2,1,0),
(180,2,2,0,0,2,2,0.5,0.5),
(181,3,2,0,0,2,2,0,1),
(182,4,2,0,0,2,2,1,0),
(183,5,2,0,0,2,2,1,0),
(184,6,2,0,0,2,2,1,0),
(185,7,2,0,0,2,2,0,1),
(186,8,2,0,0,2,2,1,0),
(187,9,2,0,0,2,2,0.5,0.5),
(188,10,2,0,0,2,2,1,0),
(189,11,2,0,0,2,2,1,0),
(190,12,2,0,0,2,2,1,0),
(191,13,2,0,0,2,2,1,0),
(192,14,2,0,0,2,2,1,0),
(193,15,2,0,0,2,2,1,0),
(194,16,2,0,0,2,2,1,0),
(195,1,2,0,0,3,2,1,0),
(196,2,2,0,0,3,2,1,0),
(197,3,2,0,0,3,2,1,0),
(198,4,2,0,0,3,2,1,0),
(199,5,2,0,0,3,2,1,0),
(200,6,2,0,0,3,2,1,0),
(201,7,2,0,0,3,2,1,0),
(202,8,2,0,0,3,2,1,0),
(203,9,2,0,0,3,2,1,0),
(204,10,2,0,0,3,2,1,0),
(205,11,2,0,0,3,2,1,0),
(206,12,2,0,0,3,2,1,0),
(207,13,2,0,0,3,2,1,0),
(208,14,2,0,0,3,2,1,0),
(209,15,2,0,0,3,2,1,0),
(210,16,2,0,0,3,2,1,0),
(211,17,2,0,0,3,2,1,0),
(212,1,2,0,0,2,10,1,0),
(213,2,2,0,0,2,10,1,0),
(214,3,2,0,0,2,10,1,0),
(215,4,2,0,0,2,10,1,0),
(216,5,2,0,0,2,10,1,0),
(217,6,2,0,0,2,10,1,0),
(218,7,2,0,0,2,10,1,0),
(219,8,2,0,0,2,10,1,0),
(220,9,2,0,0,2,10,1,0),
(221,10,2,0,0,2,10,1,0),
(222,11,2,0,0,2,10,1,0),
(223,12,2,0,0,2,10,1,0),
(224,13,2,0,0,2,10,1,0),
(225,14,2,0,0,2,10,1,0),
(226,15,2,0,0,2,10,1,0),
(227,16,2,0,0,2,10,1,0),
(228,1,2,0,0,3,10,1,0),
(229,2,2,0,0,3,10,1,0),
(230,3,2,0,0,3,10,1,0),
(231,4,2,0,0,3,10,1,0),
(232,5,2,0,0,3,10,1,0),
(233,6,2,0,0,3,10,1,0),
(234,7,2,0,0,3,10,1,0),
(235,8,2,0,0,3,10,1,0),
(236,9,2,0,0,3,10,1,0),
(237,10,2,0,0,3,10,1,0),
(238,11,2,0,0,3,10,1,0),
(239,12,2,0,0,3,10,1,0),
(240,13,2,0,0,3,10,1,0),
(241,14,2,0,0,3,10,1,0),
(242,15,2,0,0,3,10,1,0),
(243,16,2,0,0,3,10,1,0),
(244,17,2,0,0,3,10,1,0),
(245,1,2,0,0,4,10,1,0),
(246,2,2,0,0,4,10,1,0),
(247,3,2,0,0,4,10,1,0),
(248,4,2,0,0,4,10,1,0),
(249,5,2,0,0,4,10,1,0),
(250,6,2,0,0,4,10,1,0),
(251,7,2,0,0,4,10,1,0),
(252,8,2,0,0,4,10,1,0),
(253,9,2,0,0,4,10,1,0),
(254,10,2,0,0,4,10,1,0),
(255,11,2,0,0,4,10,1,0),
(256,12,2,0,0,4,10,1,0),
(257,13,2,0,0,4,10,1,0),
(258,14,2,0,0,4,10,1,0),
(259,15,2,0,0,4,10,1,0),
(260,16,2,0,0,4,10,1,0),
(261,17,2,0,0,4,10,1,0),
(262,1,2,0,0,3,26,1,0),
(263,2,2,0,0,3,26,1,0),
(264,3,2,0,0,3,26,1,0),
(265,4,2,0,0,3,26,1,0),
(266,5,2,0,0,3,26,1,0),
(267,6,2,0,0,3,26,1,0),
(268,7,2,0,0,3,26,1,0),
(269,8,2,0,0,3,26,1,0),
(270,9,2,0,0,3,26,1,0),
(271,10,2,0,0,3,26,1,0),
(272,11,2,0,0,3,26,1,0),
(273,12,2,0,0,3,26,1,0),
(274,13,2,0,0,3,26,1,0),
(275,14,2,0,0,3,26,1,0),
(276,15,2,0,0,3,26,1,0),
(277,16,2,0,0,3,26,1,0),
(278,17,2,0,0,3,26,1,0),
(279,18,2,0,0,3,26,1,0),
(280,1,2,0,0,4,26,1,0),
(281,2,2,0,0,4,26,1,0),
(282,3,2,0,0,4,26,1,0),
(283,4,2,0,0,4,26,1,0),
(284,5,2,0,0,4,26,1,0),
(285,6,2,0,0,4,26,1,0),
(286,7,2,0,0,4,26,1,0),
(287,8,2,0,0,4,26,1,0),
(288,9,2,0,0,4,26,1,0),
(289,10,2,0,0,4,26,1,0),
(290,11,2,0,0,4,26,1,0),
(291,12,2,0,0,4,26,1,0),
(292,13,2,0,0,4,26,1,0),
(293,14,2,0,0,4,26,1,0),
(294,15,2,0,0,4,26,1,0),
(295,16,2,0,0,4,26,1,0),
(296,1,2,0,0,2,13,1,0),
(297,2,2,0,0,2,13,1,0),
(298,3,2,0,0,2,13,1,0),
(299,4,2,0,0,2,13,1,0),
(300,5,2,0,0,2,13,1,0),
(301,6,2,0,0,2,13,1,0),
(302,7,2,0,0,2,13,1,0),
(303,8,2,0,0,2,13,1,0),
(304,9,2,0,0,2,13,1,0),
(305,10,2,0,0,2,13,1,0),
(306,11,2,0,0,2,13,1,0),
(307,12,2,0,0,2,13,1,0),
(308,13,2,0,0,2,13,1,0),
(309,14,2,0,0,2,13,1,0),
(310,15,2,0,0,2,13,1,0),
(311,16,2,0,0,2,13,1,0),
(312,17,2,0,0,2,13,1,0),
(313,18,2,0,0,2,13,1,0),
(314,1,2,0,0,3,13,1,0),
(315,2,2,0,0,3,13,0.5,0.5),
(316,3,2,0,0,3,13,1,0),
(317,4,2,0,0,3,13,1,0),
(318,5,2,0,0,3,13,1,0),
(319,6,2,0,0,3,13,0,1),
(320,7,2,0,0,3,13,1,0),
(321,8,2,0,0,3,13,1,0),
(322,9,2,0,0,3,13,1,0),
(323,10,2,0,0,3,13,1,0),
(324,11,2,0,0,3,13,1,0),
(325,12,2,0,0,3,13,1,0),
(326,13,2,0,0,3,13,1,0),
(327,14,2,0,0,3,13,1,0),
(328,15,2,0,0,3,13,1,0),
(329,16,2,0,0,3,13,1,0),
(330,17,2,0,0,3,13,1,0),
(331,18,2,0,0,3,13,1,0),
(332,1,2,0,0,4,13,1,0),
(333,2,2,0,0,4,13,1,0),
(334,3,2,0,0,4,13,1,0),
(335,4,2,0,0,4,13,1,0),
(336,5,2,0,0,4,13,1,0),
(337,6,2,0,0,4,13,1,0),
(338,7,2,0,0,4,13,1,0),
(339,8,2,0,0,4,13,1,0),
(340,9,2,0,0,4,13,1,0),
(341,10,2,0,0,4,13,1,0),
(342,11,2,0,0,4,13,1,0),
(343,12,2,0,0,4,13,1,0),
(344,13,2,0,0,4,13,1,0),
(345,14,2,0,0,4,13,1,0),
(346,15,2,0,0,4,13,1,0),
(347,16,2,0,0,4,13,1,0),
(348,17,2,0,0,4,13,1,0),
(349,18,2,0,0,4,13,1,0),
(350,1,1,0,0,2,5,1,0),
(351,2,1,0,0,2,5,1,0),
(352,3,1,0,0,2,5,1,0),
(353,4,1,0,0,2,5,1,0),
(354,5,1,0,0,2,5,1,0),
(355,6,1,0,0,2,5,1,0),
(356,7,1,0,0,2,5,1,0),
(357,8,1,0,0,2,5,1,0),
(358,9,1,0,0,2,5,1,0),
(359,10,1,0,0,2,5,1,0),
(360,11,1,0,0,2,5,1,0),
(361,12,1,0,0,2,5,1,0),
(362,13,1,0,0,2,5,1,0),
(363,14,1,0,0,2,5,1,0),
(364,15,1,0,0,2,5,1,0),
(365,16,1,0,0,2,5,1,0),
(366,17,1,0,0,2,5,1,0),
(367,18,1,0,0,2,5,1,0),
(368,1,1,0,0,3,5,1,0),
(369,2,1,0,0,3,5,1,0),
(370,3,1,0,0,3,5,1,0),
(371,4,1,0,0,3,5,1,0),
(372,5,1,0,0,3,5,1,0),
(373,6,1,0,0,3,5,1,0),
(374,7,1,0,0,3,5,1,0),
(375,8,1,0,0,3,5,1,0),
(376,9,1,0,0,3,5,1,0),
(377,10,1,0,0,3,5,1,0),
(378,11,1,0,0,3,5,1,0),
(379,12,1,0,0,3,5,1,0),
(380,13,1,0,0,3,5,1,0),
(381,14,1,0,0,3,5,1,0),
(382,15,1,0,0,3,5,1,0),
(383,16,1,0,0,3,5,1,0),
(384,17,1,0,0,3,5,1,0),
(385,18,1,0,0,3,5,1,0),
(386,1,1,0,0,4,5,1,0),
(387,2,1,0,0,4,5,1,0),
(388,3,1,0,0,4,5,1,0),
(389,4,1,0,0,4,5,1,0),
(390,5,1,0,0,4,5,1,0),
(391,6,1,0,0,4,5,1,0),
(392,7,1,0,0,4,5,1,0),
(393,8,1,0,0,4,5,1,0),
(394,9,1,0,0,4,5,1,0),
(395,10,1,0,0,4,5,1,0),
(396,11,1,0,0,4,5,1,0),
(397,12,1,0,0,4,5,1,0),
(398,13,1,0,0,4,5,1,0),
(399,14,1,0,0,4,5,1,0),
(400,15,1,0,0,4,5,1,0),
(401,16,1,0,0,4,5,1,0);

/*Table structure for table `password_reset_tokens` */

DROP TABLE IF EXISTS `password_reset_tokens`;

CREATE TABLE `password_reset_tokens` (
  `email` varchar(255) NOT NULL,
  `token` varchar(255) NOT NULL,
  `created_at` timestamp NULL DEFAULT NULL,
  PRIMARY KEY (`email`)
) ENGINE=InnoDB DEFAULT CHARSET=utf8mb4 COLLATE=utf8mb4_unicode_ci;

/*Data for the table `password_reset_tokens` */

/*Table structure for table `personal_access_tokens` */

DROP TABLE IF EXISTS `personal_access_tokens`;

CREATE TABLE `personal_access_tokens` (
  `id` bigint(20) unsigned NOT NULL AUTO_INCREMENT,
  `tokenable_type` varchar(255) NOT NULL,
  `tokenable_id` bigint(20) unsigned NOT NULL,
  `name` varchar(255) NOT NULL,
  `token` varchar(64) NOT NULL,
  `abilities` text DEFAULT NULL,
  `last_used_at` timestamp NULL DEFAULT NULL,
  `expires_at` timestamp NULL DEFAULT NULL,
  `created_at` timestamp NULL DEFAULT NULL,
  `updated_at` timestamp NULL DEFAULT NULL,
  PRIMARY KEY (`id`),
  UNIQUE KEY `personal_access_tokens_token_unique` (`token`),
  KEY `personal_access_tokens_tokenable_type_tokenable_id_index` (`tokenable_type`,`tokenable_id`)
) ENGINE=InnoDB AUTO_INCREMENT=63 DEFAULT CHARSET=utf8mb4 COLLATE=utf8mb4_unicode_ci;

/*Data for the table `personal_access_tokens` */

insert  into `personal_access_tokens`(`id`,`tokenable_type`,`tokenable_id`,`name`,`token`,`abilities`,`last_used_at`,`expires_at`,`created_at`,`updated_at`) values 
(7,'App\\Models\\User',75,'auth_token','169ae38b42b04af0639b356cc7c230a68e4a8a75df991f7e5493fa0322f4991e','[\"*\"]',NULL,NULL,'2023-05-17 12:31:22','2023-05-17 12:31:22'),
(8,'App\\Models\\User',103,'auth_token','e615275e5c949433872c5d593cb87dc3907d8fa285e5e7607e34de31bf51f883','[\"*\"]',NULL,NULL,'2023-05-17 13:24:33','2023-05-17 13:24:33'),
(9,'App\\Models\\User',95,'auth_token','87a395d12c3d343d5d273942e5e601fb57be990e79f5c8c82765fa66d66da987','[\"*\"]',NULL,NULL,'2023-05-17 13:57:32','2023-05-17 13:57:32'),
(10,'App\\Models\\User',75,'auth_token','295886bf093cca1ac65e131f1ae6d909c073f07cca749d22b513704f4a0a8184','[\"*\"]',NULL,NULL,'2023-05-17 14:02:51','2023-05-17 14:02:51'),
(11,'App\\Models\\User',87,'auth_token','8c0e9fd636b40d8e14df35b0719a7adc91ab369a0eeca31418fbcce00d4803a2','[\"*\"]',NULL,NULL,'2023-05-17 14:04:16','2023-05-17 14:04:16'),
(12,'App\\Models\\User',82,'auth_token','3390b3204c926f52b54729777b72acbe4ec8dda396e6a852564e5ce450ee3f52','[\"*\"]',NULL,NULL,'2023-05-17 14:12:24','2023-05-17 14:12:24'),
(13,'App\\Models\\User',75,'auth_token','c97a0842b1925084ffacba7563fed17ecc3ef7946e934448ec78e042a83475d6','[\"*\"]',NULL,NULL,'2023-05-17 14:21:10','2023-05-17 14:21:10'),
(14,'App\\Models\\User',85,'auth_token','8e3fcda70236609dfd8f562eb271cf4ba4d84ed0c3c05680536577c9455b7b79','[\"*\"]',NULL,NULL,'2023-05-19 00:12:36','2023-05-19 00:12:36'),
(15,'App\\Models\\User',108,'auth_token','be0792339627d1756e4c0846fe2c39a9da97517af647e9bf2db61cca66447c0d','[\"*\"]',NULL,NULL,'2023-05-19 01:22:49','2023-05-19 01:22:49'),
(16,'App\\Models\\User',89,'auth_token','ff8bcc690f24ef1de33931ec350b7530dd95c9d0a8803ae80879c407b84e2ff8','[\"*\"]',NULL,NULL,'2023-05-19 11:40:58','2023-05-19 11:40:58'),
(17,'App\\Models\\User',95,'auth_token','507d2cd197ffbfc07ca98ef983106a2ab226266d80af39056e300d538089db18','[\"*\"]',NULL,NULL,'2023-05-19 11:42:01','2023-05-19 11:42:01'),
(18,'App\\Models\\User',81,'auth_token','3d65cccba107876e4987bbb629cbdfeca8c7b7f7d8d8cf7aef9b2638c06f2919','[\"*\"]',NULL,NULL,'2023-05-20 17:19:24','2023-05-20 17:19:24'),
(19,'App\\Models\\User',78,'auth_token','8d1ddbdae6c000a6b363b665e6c0eed4f007cc297bdbbf7126adb572a404bc74','[\"*\"]',NULL,NULL,'2023-05-20 18:07:44','2023-05-20 18:07:44'),
(20,'App\\Models\\User',85,'auth_token','11ede5ff58448c48eed3c937820e7cfce26be2da299563062957879615668b77','[\"*\"]',NULL,NULL,'2023-05-20 18:10:27','2023-05-20 18:10:27'),
(21,'App\\Models\\User',85,'auth_token','93e69b6fb313532365e8e1e02f3acf5d75c0adde23c655b8070712a17db8a012','[\"*\"]',NULL,NULL,'2023-05-20 18:15:58','2023-05-20 18:15:58'),
(22,'App\\Models\\User',85,'auth_token','0863f79e6529295a10abd50b75da2ad5201936b9f94dd1fd08cb4c5f3f326eac','[\"*\"]',NULL,NULL,'2023-05-20 18:23:28','2023-05-20 18:23:28'),
(23,'App\\Models\\User',77,'auth_token','2df8c1d7a3355af35e5e192b3ddf9e1e1581525119857fa380d1b1ddb91fc1de','[\"*\"]',NULL,NULL,'2023-05-20 18:39:04','2023-05-20 18:39:04'),
(24,'App\\Models\\User',75,'auth_token','78db350c14822f7e458d5a26b080bd92300a28dc7f65cdc856b3b6963740af84','[\"*\"]',NULL,NULL,'2023-05-20 22:43:03','2023-05-20 22:43:03'),
(25,'App\\Models\\User',75,'auth_token','d360461ef7d6f03cccfa058d31df3c49a7aebfcedae7c27e781a90ce7a1be2d2','[\"*\"]',NULL,NULL,'2023-05-20 23:03:11','2023-05-20 23:03:11'),
(26,'App\\Models\\User',75,'auth_token','68b57c53117f89d55db7f7b54127493989e6ba8a54222d3e36c216824691a4e3','[\"*\"]',NULL,NULL,'2023-05-20 23:05:26','2023-05-20 23:05:26'),
(27,'App\\Models\\User',75,'auth_token','8c2d0d64353e5ff2961af9e6fd656e7377444244f410abc9dc30cea738f50433','[\"*\"]',NULL,NULL,'2023-05-21 21:30:43','2023-05-21 21:30:43'),
(28,'App\\Models\\User',75,'auth_token','a720b6115fefe2080b4b80203283b0efd54bdbe03f62bdf7d93aac3727f1d729','[\"*\"]',NULL,NULL,'2023-05-21 21:33:48','2023-05-21 21:33:48'),
(29,'App\\Models\\User',75,'auth_token','9a45084260a9496e30cadfc9e077b3ac6ab0f47ac5b70c0a0a8a7fd860d6d659','[\"*\"]',NULL,NULL,'2023-05-21 21:37:13','2023-05-21 21:37:13'),
(30,'App\\Models\\User',75,'auth_token','386472a8f290a8092a7682532ae20efa28e372fe8a55cbc458445dc30ba26b15','[\"*\"]',NULL,NULL,'2023-05-21 21:57:25','2023-05-21 21:57:25'),
(31,'App\\Models\\User',75,'auth_token','c970e6d44cd0b07dbb7767fc4777e0b3ff2e2c71ccf4ee96805ed8bf741ce3b0','[\"*\"]',NULL,NULL,'2023-05-21 22:13:12','2023-05-21 22:13:12'),
(32,'App\\Models\\User',75,'auth_token','5829cff474346f1fff424adf694d4117291cf121cf7a92b057e8937224c1e4ff','[\"*\"]',NULL,NULL,'2023-05-21 22:18:13','2023-05-21 22:18:13'),
(33,'App\\Models\\User',75,'auth_token','b7bf4942929b2873e3be2b886a61a7e5230b69a5e994284cd84c909e496bce57','[\"*\"]',NULL,NULL,'2023-05-21 23:50:10','2023-05-21 23:50:10'),
(34,'App\\Models\\User',75,'auth_token','ee9b8138f9578eddff490c46b038198aaacc17a90d3b3f982fb346e8dc9de0e1','[\"*\"]',NULL,NULL,'2023-05-21 23:52:42','2023-05-21 23:52:42'),
(35,'App\\Models\\User',75,'auth_token','b4a142168e9dccd22c29d73388356a49f3e19bbe9721fcbeab97614254b9482f','[\"*\"]',NULL,NULL,'2023-05-22 22:34:56','2023-05-22 22:34:56'),
(36,'App\\Models\\User',75,'auth_token','5c2c4d43ddf54e26daa87045039f20b233126a26dfaa4e8c92fcc49ca8d70666','[\"*\"]',NULL,NULL,'2023-05-22 22:39:03','2023-05-22 22:39:03'),
(37,'App\\Models\\User',75,'auth_token','2836c580fe410017308aa2b377a745a8cabbdc07c02b6e6f3e05d63afaa08200','[\"*\"]',NULL,NULL,'2023-05-22 22:41:03','2023-05-22 22:41:03'),
(38,'App\\Models\\User',75,'auth_token','732772d4f2bd71b00b3171714754da80bc73caaa5717bb64b4e5747aa0c02494','[\"*\"]',NULL,NULL,'2023-05-22 22:42:17','2023-05-22 22:42:17'),
(39,'App\\Models\\User',75,'auth_token','ef07838a6657dca87c115743f573430692c88da26c8eb81c23a5e423450200e3','[\"*\"]',NULL,NULL,'2023-05-22 23:08:05','2023-05-22 23:08:05'),
(40,'App\\Models\\User',75,'auth_token','8e1206322934195cc041c025f0979d8f79e0ba1e564a35870da79e0180b2068b','[\"*\"]',NULL,NULL,'2023-05-22 23:09:34','2023-05-22 23:09:34'),
(41,'App\\Models\\User',75,'auth_token','c18b7acc0fa0f63bd0353993379cfc9bdd0966ea38e3b7ca39b8a25657411772','[\"*\"]',NULL,NULL,'2023-05-22 23:11:47','2023-05-22 23:11:47'),
(42,'App\\Models\\User',75,'auth_token','bb2577cd6dfc2e8efc6d4c69bdb7fdf385d6c3f443241aa1ec53ac63cd36404c','[\"*\"]',NULL,NULL,'2023-05-22 23:21:17','2023-05-22 23:21:17'),
(43,'App\\Models\\User',75,'auth_token','1274bc6ff72199dcd8968d2419c1ab4e6206d13e678a43800f628164a4ddd39c','[\"*\"]',NULL,NULL,'2023-05-24 11:22:40','2023-05-24 11:22:40'),
(44,'App\\Models\\User',75,'auth_token','d21464ca15b52882b34f7f0e0c10c62864997cad6ce80494cb8d077ea2d2706a','[\"*\"]',NULL,NULL,'2023-05-24 11:28:32','2023-05-24 11:28:32'),
(45,'App\\Models\\User',75,'auth_token','f0678c52a01dfd2cc7c4973520453f19aa0bfe9ab04a919700a357ec086c0d19','[\"*\"]',NULL,NULL,'2023-05-27 17:36:22','2023-05-27 17:36:22'),
(46,'App\\Models\\User',117,'auth_token','82ed6b8dccd0d0209eae4612547b1fd92a994c8b76ca9b86b4239305f31f3e9c','[\"*\"]',NULL,NULL,'2023-05-27 18:24:51','2023-05-27 18:24:51'),
(47,'App\\Models\\User',118,'auth_token','c09ba7c5af2e4c3cf960f936d7371035555d020ca4ef39675dcc28979755d6d0','[\"*\"]',NULL,NULL,'2023-05-27 18:26:33','2023-05-27 18:26:33'),
(48,'App\\Models\\User',119,'auth_token','7fbfbe0177745e7d7274ccd7d08e0630dc9f0f918d1a8b5745635f62ec6012ff','[\"*\"]',NULL,NULL,'2023-05-27 18:26:56','2023-05-27 18:26:56'),
(49,'App\\Models\\User',120,'auth_token','752d38e8ee54637b7b52446ca3e81d80eb08cca0553e1ff477c3eabaa8b3b4ea','[\"*\"]',NULL,NULL,'2023-05-27 18:28:35','2023-05-27 18:28:35'),
(50,'App\\Models\\User',120,'auth_token','6db03cb1b893220ec6026d7ca6dd43a57d146e2a3bf938ef80167178bb172fdd','[\"*\"]',NULL,NULL,'2023-05-27 18:28:36','2023-05-27 18:28:36'),
(51,'App\\Models\\User',120,'auth_token','89cd511c0e56fb630d6f05a9c30678b5476dfdb2e68e0892f96225a5abac4a66','[\"*\"]',NULL,NULL,'2023-05-27 18:28:55','2023-05-27 18:28:55'),
(52,'App\\Models\\User',75,'auth_token','4b79711be4ff036d7e9e05bcd7ccf1652ced4f42d1c0ebe49b0ecd42bf1c071b','[\"*\"]',NULL,NULL,'2023-05-27 18:50:16','2023-05-27 18:50:16'),
(53,'App\\Models\\User',75,'auth_token','f199012af54837e2b874cec1b888ddb3aba58795c6eedb12c9a5b6688651f867','[\"*\"]',NULL,NULL,'2023-05-27 18:51:44','2023-05-27 18:51:44'),
(54,'App\\Models\\User',75,'auth_token','bf60e754aa467e27a5366a8b536ac74121d9810926e2985b8eebff3770bee48c','[\"*\"]',NULL,NULL,'2023-05-27 18:55:35','2023-05-27 18:55:35'),
(55,'App\\Models\\User',75,'auth_token','94fb24775cda3c0c691793ef628bff90f515ea2dc97ffc43e80865326d3363b2','[\"*\"]',NULL,NULL,'2023-05-27 19:11:59','2023-05-27 19:11:59'),
(56,'App\\Models\\User',75,'auth_token','d2cb1ab1e5741eb27d763fc623b8f774fac09bd56ef8fb412b7201ac68ca92f2','[\"*\"]',NULL,NULL,'2023-05-28 18:06:32','2023-05-28 18:06:32'),
(57,'App\\Models\\User',75,'auth_token','38590f1047593ecddb45b1b6ab8aea4610895ccb84c1d613ef14def82b0ef5f0','[\"*\"]',NULL,NULL,'2023-05-28 18:06:57','2023-05-28 18:06:57'),
(58,'App\\Models\\User',75,'auth_token','eda69dcdda6413174d5702cb731931a8b8eddafe84592633f2740db195b946d7','[\"*\"]',NULL,NULL,'2023-05-28 18:19:17','2023-05-28 18:19:17'),
(59,'App\\Models\\User',75,'auth_token','f172b23c3af98bb43f96e4f9b805d11d709deda8acad3dae7ae2b7f85559183b','[\"*\"]',NULL,NULL,'2023-05-28 18:59:10','2023-05-28 18:59:10'),
(60,'App\\Models\\User',75,'auth_token','82d1575d008825baa9889836aac346db95f67e1c1f7608d1831e6df5485097bb','[\"*\"]',NULL,NULL,'2023-05-29 10:43:36','2023-05-29 10:43:36'),
(61,'App\\Models\\User',75,'auth_token','843e25d9a7346037be8849d24a905b4d8ede92d4b59ec34a9b5575b322196872','[\"*\"]',NULL,NULL,'2023-05-29 10:43:37','2023-05-29 10:43:37'),
(62,'App\\Models\\User',75,'auth_token','b09ce792e2b8a77cb35cf7e0ccb6d85db231e5a4cd850f079632fb670e32f09c','[\"*\"]',NULL,NULL,'2023-05-29 10:43:38','2023-05-29 10:43:38');

/*Table structure for table `prijava` */

DROP TABLE IF EXISTS `prijava`;

CREATE TABLE `prijava` (
  `PrijavaID` int(11) NOT NULL AUTO_INCREMENT,
  `TurnirID` int(11) DEFAULT NULL,
  `IgracID` int(11) DEFAULT NULL,
  `updated_at` datetime DEFAULT NULL,
  `created_at` datetime DEFAULT NULL,
  PRIMARY KEY (`PrijavaID`)
) ENGINE=InnoDB AUTO_INCREMENT=242 DEFAULT CHARSET=utf8mb4 COLLATE=utf8mb4_general_ci;

/*Data for the table `prijava` */

insert  into `prijava`(`PrijavaID`,`TurnirID`,`IgracID`,`updated_at`,`created_at`) values 
(1,2,3,'2023-05-11 11:09:18','2023-05-11 11:09:18'),
(2,2,4,'2023-05-11 11:09:45','2023-05-11 11:09:45'),
(3,2,5,'2023-05-11 13:18:16','2023-05-11 13:18:16'),
(4,2,6,'2023-05-11 14:21:35','2023-05-11 14:21:35'),
(15,2,7,NULL,NULL),
(16,2,8,NULL,NULL),
(17,2,9,NULL,NULL),
(18,2,11,NULL,NULL),
(19,2,1,NULL,NULL),
(20,2,2,NULL,NULL),
(21,2,17,NULL,NULL),
(22,2,26,NULL,NULL),
(23,2,3,'2023-05-13 17:58:20','2023-05-13 17:58:20'),
(24,2,3,'2023-05-14 20:38:59','2023-05-14 20:38:59'),
(25,12,6,'2023-05-14 21:44:21','2023-05-14 21:44:21'),
(26,2,3,'2023-05-14 21:46:38','2023-05-14 21:46:38'),
(28,13,0,'2023-05-14 21:47:48','2023-05-14 21:47:48'),
(29,1,11,NULL,NULL),
(30,1,12,NULL,NULL),
(31,1,13,NULL,NULL),
(32,1,14,NULL,NULL),
(33,1,15,NULL,NULL),
(34,1,16,NULL,NULL),
(35,1,17,NULL,NULL),
(36,1,18,NULL,NULL),
(37,1,19,NULL,NULL),
(38,1,20,NULL,NULL),
(39,1,21,NULL,NULL),
(40,1,22,NULL,NULL),
(41,3,23,NULL,NULL),
(42,3,24,NULL,NULL),
(43,3,25,NULL,NULL),
(44,3,26,NULL,NULL),
(45,3,27,NULL,NULL),
(46,3,28,NULL,NULL),
(47,3,29,NULL,NULL),
(48,3,32,NULL,NULL),
(49,3,33,NULL,NULL),
(50,3,34,NULL,NULL),
(51,4,35,NULL,NULL),
(52,4,37,NULL,NULL),
(53,4,1,NULL,NULL),
(54,4,2,NULL,NULL),
(55,4,3,NULL,NULL),
(56,4,4,NULL,NULL),
(57,4,5,NULL,NULL),
(58,4,6,NULL,NULL),
(59,4,7,NULL,NULL),
(60,5,8,NULL,NULL),
(61,5,9,NULL,NULL),
(62,5,11,NULL,NULL),
(63,5,12,NULL,NULL),
(64,5,13,NULL,NULL),
(65,5,15,NULL,NULL),
(66,5,16,NULL,NULL),
(67,5,14,NULL,NULL),
(68,5,17,NULL,NULL),
(69,5,18,NULL,NULL),
(70,25,37,NULL,NULL),
(71,25,23,NULL,NULL),
(72,25,24,NULL,NULL),
(73,26,25,NULL,NULL),
(74,26,26,NULL,NULL),
(75,26,27,NULL,NULL),
(76,25,28,NULL,NULL),
(77,26,29,NULL,NULL),
(78,25,35,NULL,NULL),
(79,26,34,NULL,NULL),
(80,25,33,NULL,NULL),
(81,26,32,NULL,NULL),
(82,26,0,NULL,NULL),
(83,26,12,NULL,NULL),
(84,26,14,NULL,NULL),
(85,26,13,NULL,NULL),
(86,5,0,NULL,NULL),
(87,25,17,NULL,NULL),
(88,5,22,NULL,NULL),
(89,25,22,NULL,NULL),
(90,5,23,NULL,NULL),
(91,25,23,NULL,NULL),
(92,5,7,NULL,NULL),
(93,25,7,NULL,NULL),
(94,8,0,NULL,NULL),
(95,7,0,NULL,NULL),
(96,8,1,NULL,NULL),
(97,7,2,NULL,NULL),
(98,8,3,NULL,NULL),
(99,7,4,NULL,NULL),
(100,8,5,NULL,NULL),
(101,7,6,NULL,NULL),
(102,8,7,NULL,NULL),
(103,7,8,NULL,NULL),
(104,8,9,NULL,NULL),
(105,7,11,NULL,NULL),
(106,8,12,NULL,NULL),
(107,7,13,NULL,NULL),
(108,9,14,NULL,NULL),
(109,9,15,NULL,NULL),
(110,9,16,NULL,NULL),
(111,9,17,NULL,NULL),
(112,9,18,NULL,NULL),
(113,9,19,NULL,NULL),
(114,9,20,NULL,NULL),
(115,9,21,NULL,NULL),
(116,9,22,NULL,NULL),
(117,9,23,NULL,NULL),
(118,10,24,NULL,NULL),
(119,10,25,NULL,NULL),
(120,10,26,NULL,NULL),
(121,10,27,NULL,NULL),
(122,10,28,NULL,NULL),
(123,10,29,NULL,NULL),
(124,10,32,NULL,NULL),
(125,10,33,NULL,NULL),
(126,10,34,NULL,NULL),
(127,10,35,NULL,NULL),
(128,10,37,NULL,NULL),
(129,11,1,NULL,NULL),
(130,11,2,NULL,NULL),
(131,11,3,NULL,NULL),
(133,1,4,NULL,NULL),
(134,1,5,NULL,NULL),
(135,11,6,NULL,NULL),
(136,11,7,NULL,NULL),
(137,11,8,NULL,NULL),
(138,11,9,NULL,NULL),
(139,11,11,NULL,NULL),
(140,11,34,NULL,NULL),
(141,11,35,NULL,NULL),
(142,11,37,NULL,NULL),
(143,12,29,NULL,NULL),
(144,12,28,NULL,NULL),
(145,12,27,NULL,NULL),
(146,12,26,NULL,NULL),
(147,12,25,NULL,NULL),
(148,12,24,NULL,NULL),
(149,12,23,NULL,NULL),
(150,12,22,NULL,NULL),
(151,12,21,NULL,NULL),
(152,12,20,NULL,NULL),
(153,12,19,NULL,NULL),
(154,12,18,NULL,NULL),
(155,12,17,NULL,NULL),
(156,12,16,NULL,NULL),
(157,12,15,NULL,NULL),
(158,12,14,NULL,NULL),
(159,12,13,NULL,NULL),
(160,12,12,NULL,NULL),
(161,12,11,NULL,NULL),
(162,12,31,NULL,NULL),
(163,12,30,NULL,NULL),
(164,13,29,NULL,NULL),
(165,13,28,NULL,NULL),
(166,13,27,NULL,NULL),
(167,13,26,NULL,NULL),
(168,13,25,NULL,NULL),
(169,13,24,NULL,NULL),
(170,13,23,NULL,NULL),
(171,13,22,NULL,NULL),
(172,13,21,NULL,NULL),
(173,13,20,NULL,NULL),
(174,13,19,NULL,NULL),
(175,13,18,NULL,NULL),
(176,13,17,NULL,NULL),
(177,13,16,NULL,NULL),
(178,13,15,NULL,NULL),
(179,13,14,NULL,NULL),
(180,14,13,NULL,NULL),
(181,14,12,NULL,NULL),
(182,14,11,NULL,NULL),
(183,14,10,NULL,NULL),
(184,14,9,NULL,NULL),
(185,14,8,NULL,NULL),
(186,14,7,NULL,NULL),
(187,14,6,NULL,NULL),
(188,14,5,NULL,NULL),
(189,15,4,NULL,NULL),
(190,15,3,NULL,NULL),
(191,15,2,NULL,NULL),
(192,15,1,NULL,NULL),
(194,3,29,'2023-05-17 13:24:57','2023-05-17 13:24:57'),
(195,1,21,'2023-05-17 13:57:36','2023-05-17 13:57:36'),
(197,8,13,'2023-05-17 14:04:20','2023-05-17 14:04:20'),
(198,5,13,'2023-05-17 14:07:32','2023-05-17 14:07:32'),
(199,5,13,'2023-05-17 14:12:03','2023-05-17 14:12:03'),
(200,13,7,'2023-05-17 14:12:29','2023-05-17 14:12:29'),
(201,12,7,'2023-05-17 14:15:23','2023-05-17 14:15:23'),
(202,14,7,'2023-05-17 14:16:08','2023-05-17 14:16:08'),
(203,11,11,'2023-05-19 00:12:45','2023-05-19 00:12:45'),
(204,11,11,'2023-05-19 01:21:46','2023-05-19 01:21:46'),
(205,15,37,'2023-05-19 01:22:54','2023-05-19 01:22:54'),
(206,13,21,'2023-05-19 11:43:16','2023-05-19 11:43:16'),
(211,12,35,NULL,NULL),
(212,12,37,NULL,NULL),
(213,12,38,NULL,NULL),
(214,12,39,NULL,NULL),
(215,4,40,NULL,NULL),
(216,4,30,NULL,NULL),
(217,4,20,NULL,NULL),
(218,4,14,NULL,NULL),
(219,4,7,NULL,NULL),
(220,4,6,NULL,NULL),
(221,4,4,NULL,NULL),
(222,15,1,NULL,NULL),
(223,15,40,NULL,NULL),
(224,15,39,NULL,NULL),
(225,15,33,NULL,NULL),
(226,15,27,NULL,NULL),
(227,15,20,NULL,NULL),
(228,15,19,NULL,NULL),
(229,15,17,NULL,NULL),
(230,15,6,NULL,NULL),
(231,15,5,NULL,NULL),
(232,12,40,NULL,NULL),
(233,12,38,NULL,NULL),
(234,15,37,NULL,NULL),
(235,4,28,NULL,NULL),
(236,4,27,NULL,NULL),
(237,4,39,NULL,NULL),
(238,4,40,NULL,NULL),
(239,4,32,NULL,NULL),
(240,4,8,NULL,NULL),
(241,4,7,NULL,NULL);

/*Table structure for table `sudija` */

DROP TABLE IF EXISTS `sudija`;

CREATE TABLE `sudija` (
  `SudijaID` int(11) NOT NULL AUTO_INCREMENT,
  `Ime` varchar(40) NOT NULL,
  `Prezime` varchar(40) NOT NULL,
  `Titula` varchar(40) DEFAULT NULL,
  `Lozinka` varchar(40) NOT NULL,
  `Korisnicko` varchar(40) DEFAULT NULL,
  PRIMARY KEY (`SudijaID`)
) ENGINE=InnoDB AUTO_INCREMENT=10 DEFAULT CHARSET=utf8mb4 COLLATE=utf8mb4_general_ci;

/*Data for the table `sudija` */

insert  into `sudija`(`SudijaID`,`Ime`,`Prezime`,`Titula`,`Lozinka`,`Korisnicko`) values 
(1,'Eko','Snaucerkovic','Regionalni','eko','eko'),
(2,'Roko','Todorovic','Klupski','roko','roko'),
(3,'Beli','Macka','Medjunarodni','mackat','mackat'),
(4,'Tor','Sar','Klupski','tori','tori');

/*Table structure for table `turnir` */

DROP TABLE IF EXISTS `turnir`;

CREATE TABLE `turnir` (
  `TurnirID` int(10) NOT NULL AUTO_INCREMENT,
  `Naziv` varchar(40) DEFAULT NULL,
  `Mesto` varchar(40) DEFAULT NULL,
  `Tip` varchar(40) DEFAULT NULL,
  `Tempo` varchar(40) DEFAULT NULL,
  `SudijaID` int(11) DEFAULT NULL,
  `Status` varchar(40) DEFAULT NULL,
  `Slika` varchar(8000) DEFAULT NULL,
  `Region` varchar(800) DEFAULT NULL,
  PRIMARY KEY (`TurnirID`),
  KEY `fksudija` (`SudijaID`),
  CONSTRAINT `fksudija` FOREIGN KEY (`SudijaID`) REFERENCES `sudija` (`SudijaID`)
) ENGINE=InnoDB AUTO_INCREMENT=31 DEFAULT CHARSET=utf8mb4 COLLATE=utf8mb4_general_ci;

/*Data for the table `turnir` */

insert  into `turnir`(`TurnirID`,`Naziv`,`Mesto`,`Tip`,`Tempo`,`SudijaID`,`Status`,`Slika`,`Region`) values 
(1,'Prvenstvo Beograda','Matematicka gimnazija','nerejtingovan','redovan',1,'aktivan','https://images.fineartamerica.com/images/artworkimages/mediumlarge/3/square-root-chess-math-logical-chess-outfit-justus-ratzke.jpg','balkansko'),
(2,'Kategorni za osvajanje MK','SK Vidikovac','kategorni','redovan',2,'aktivan','https://sahovskiklub.rs/wp-content/uploads/2018/01/skola-saha-i-sahovski-klub-vidikovac.png\"','drzavno'),
(3,'Letnji Open','Restoran Balasevic','rejtingovan','redovan',3,'aktivan','https://images.fineartamerica.com/images/artworkimages/mediumlarge/3/square-root-chess-math-logical-chess-outfit-justus-ratzke.jpg','drzavno'),
(4,'Prvenstvo Srbije','Hotel Fontana','nerejtingovan','redovan',4,'aktivan','https://images.unsplash.com/photo-1586165368502-1bad197a6461?ixlib=rb-4.0.3&ixid=M3wxMjA3fDB8MHxzZWFyY2h8NXx8Y2hlc3N8ZW58MHx8MHx8fDA%3D&w=1000&q=80','opstinsko'),
(5,'Atomac','Prostorije novog sahovskog saveza','rejtingovan','brzopotezni',1,'aktivan','https://sahovskiklub.rs/wp-content/uploads/2022/12/Nove-prostorije-Sahovskog-kluba-Vidikovac-07-627x376.jpg','drzavno'),
(7,'Skolsko ubrzano prvenstvo','OS Pavle Savic','nerejtingovan','ubrzani',3,'aktivan','https://www.svetbalona.com/wp-content/uploads/2022/02/trofej-broj-1-balon-310x310.jpg','drzavno'),
(8,'Memorijalni turnir Gliga ','Gimnazija Batajnica','rejtingovan','redovan',4,'aktivan','https://media.istockphoto.com/id/1367004603/photo/chess-pieces-on-the-wood-stair-by-ranking.jpg?b=1&s=170667a&w=0&k=20&c=yh8NVkZL7o_yvKi5vi1cbIST8S-icBKDc5LhrjfnZpU=','svetsko'),
(9,'Ekipno Klupsko','Lestane opstina','nerejtingovan','ubrzani',3,'aktivan','https://www.ringcentral.com/us/en/blog/wp-content/uploads/2020/07/Effective-teamwork.png','evropsko'),
(10,'Zenska liga','Stari Dif','rejtingovan','redovan',2,'aktivan','data:image/jpeg;base64,/9j/4AAQSkZJRgABAQAAAQABAAD/2wCEAAkGBxETDxUPEBMQFRIVFRgRFxUWEBgXFhIXFRYXFxUSGBUaHSggGBomGxgWITQhJSkrLi4uFx8zODMtNyguLi0BCgoKDg0OGxAQGyslHyUtLS0tKy0tLi0rLS0tLS0vLS0vLS0vLS0tLS0tLS0tLS0tLS0tLS0tLS0tLS0tLS0tLf/AABEIAOEA4QMBIgACEQEDEQH/xAAcAAEAAQUBAQAAAAAAAAAAAAAABwIDBAUGAQj/xAA8EAABAwIDBQUFBwMEAwAAAAABAAIDBBEFITEGEkFRYRMicYGRBzJCUqEUI2JygrHBkuHwU6Ky0TNDwv/EABoBAQACAwEAAAAAAAAAAAAAAAADBAECBQb/xAAxEQACAQIDBgQGAgMBAAAAAAAAAQIDEQQhMQUSQVFhkXGBodETIjKxwfDh8RVichT/2gAMAwEAAhEDEQA/AJxREQBERAEREAREQBERAEREAREQBERAEREAREQBERAEREAREQBERAEREAREQBERAEREAREQBEWtxfFYaaPtZnbo0A1c8/K1vE/4UMxi5NRirtmyWgxfaylp7tc/fePgj7zgeROjfMqP9odsp6glkZMUWm6095w/E4fsMvFcyFDKryO3h9kXzrPyX5ft3O3xD2izOygjjjHN3ed48APQrRVO09bJrUS/pduD0ZZaYKpRuTep1KeFo0/piu133d2ZLq+U6ySHxeT/ACqo8Smb7ssg8HkfysRerBNurSxuqXaqtZpO8/mO/wD8rre0PtDmblNGxw5i7T65j6LiF6tk2ivUwlGp9UV+e6zJgwraulnsN/ccfhfYX8HafW66BfP4dbRdLs7tfNTkMcd+LTdcdB+E/D4afupFU5nMxGycr0n5P8P3JbRYOF4lFUR9pE640I0c0/K4cCs5SnFlFxdmrMIiIYCIiAIiIAiIgCIiAIiIAiIgCIsSurGQxPlkNmMBcT0HADieFkCTeSMHaPHoqSHtH5uOTGA5vd/AHE8PEgGHsXxWWplMszrk5AfC0fKBwH+FVY9jElVO6Z+QOTRfJjODB/J4kla5Vpz3vA9ZgcCsPG7+p6vl0X55voVBVq2FUFoXT1VK0+QDVY5mkd7oAHMrF0hYzV6sERTfM1e78zfeaCOiX6GMuZmorFPUtfpryOqvLZBqx7dLrxFkwbXZ/G5KaUSMOWjgTk5vyn+DwUxYbXMmibLGbtcL9QeLT1ByUELtvZxjW7KaZ57smY6P/uMvRSQlbI5e0sIqkPiR+peq/jh25EmoiKY84EREAREQBERAEREAREQBERAFHPtWxQ2jpGnJw7d/UA2YPC4cfEBSMol9q8ZFdG4+66FoHi1794fVvqo6r+U6OyoqWJjfrbxscegXi9CrHqj1ePksvHOsqoI7nePl/wBpcw8tSmOEnN3oshsausYrgYiRDKVy21ivsjWTh2GSzP3IWOe7jbQDmScgPFdXTbAy2vJLEDyDSfrkpIxb0KlbEUqf1yS+/ZZ+hwVfhu8N+PKQZ5fF0KsQybzQ5SRLsRM33JIneN2n+VH1dSOhqJoXCzmyZi4Nt4B2oy4pKNmb4XEQqXjF3tmW03lSiwXCpX6CUtkaRlmFiqqE94eKyjDWROeBV/bQNf8AEO678w4+evmtko/2QxHs5g0nuyWYeh+E+uXmpAVhO55DE0fh1LLTh+9AiIslcIiIAiIgCIiAIiIAiIgC5nbnZv7ZThrCGzRnfjcdLn3mHo7LzAXTIsNJqzN6dSVOanB5o+cqtksLzHNG9rmmxBCtCqv7oJ8lO+0OAR1TM7NkA7r7f7Xcx+37xdimEPieY3t3XD69RzCrSpuPE9RhdpQrrNWfL2OeiiJN3eiz42p2NldYFolYtSncqa1bvZzAH1L7C7YmnvOtp+FvN37egNvAMHfUyhjMmjN7rZNbz8TwH91K1BRsijbFGLNaLDrzJPElTQhfNnKx2M+Ct2P1P0/eHfkU4dh8UEYiiaGtHq48yeJWYioe4AXOQGd+SnOA227s8mkDWlziA0AuJOgAzJKgXFKztp5Z/wDUkc8X1DS7ug9QN0eS6/bna8Sg0tM68ZykkGjx/psPFvM8dBkc+GVepK7yPR7LwkqUXOeTlw5Lr48v6PURUrU6pUqofeHird1kUbbuWTD0Oko36KVaGffiZJ8zQ71F1ElOVJ+zTr0kR6EejiFLTPPbSj8qfX8fwbRERSHICIiAIiIAiIgCIiAIub2m2vpqMbshLpSLiNli63AuubNHjrwBXEy+1icu+7pomt5Pe4n1Fv2WkqkYuzLtDZ+Irx3oRy5tpdr6ktIuCwP2lQS92djoXc77zPHgR6FdtTVDJGB8bmuacwQbgraMlLQhr4atQdqkWvt30L612L4RFUM3ZBmPdcNW/wDY6LYoskMZOLutSOK7YecH7vs3jgd7dPmDp6le4dsHK515nsY3iGneeenIeOfgpGVD3gAkkADMk6Ac1puIu/5Gva1142z9vQxcNw6KCMRxN3W6nm483HiVmrjMc9oFPDdkA7d44tP3Y8X/ABfpBHUKP8a2nqqm4lkIYf8A1s7rPAjU/qJWHUS0JaGzK9Z70/lT4vXt72XUknG9t6SC7Wu7WQZbsZu0H8Umg8rkclHuP7WVNVdr3bkX+my4B/MdXeeXQLn7r26hlNy1O1hsBRoZpXfN/tl2KrpdeIsF2x6vEXl1lCx6Vn4fHldYVPGXO6LbxN4LCdyKrJLIzIFKmAR7tLEPwB39Xe/lRphNIZZmRD4nAHoNXHyFz5KWmiwsNBkp4I4G055Rh5/j3KkRFIckIiIAiIgCIiALQ7X42KSjfMLF/wD44wdDI73b9AAXEcmlb5Rx7ZQ/7PBa+52jrnhvbncHpv8AotKkrRbLWBoxrYiEJaN/q8yLpZHyyF73EucS5xccyTqSVtaHZmeZrzEC/caXuysAACbbxOpsbDjZYGGMuSfJSO3Em0OC72k9SXhg43I3N/wDAD4uA4qpCK1Z6nGV6lO0aSzbSS/eCS6Ii+J1iCFJ/s0xJzZjATdkjS4Dk9vEeLb38AovibmLKSPZfQudUmU+7Gw5/id3Wj03vRZpfUhtPd/8876W/r1JURFy22e1DaKIBtnTvHcaTk0ado/8PIcT5kXG0ldnkKVKdWahBXbMraPaWCjZ3zvSEXbE0jePU/K3qfK+iinH9qKmqP3j92O+UbcmjlccT1PlZampqXyPdLK5znE3c5xzJ/zhoFaVac3LwPVYPZ9PDq+sufty8dX6Fd14qbqq61LxUipuiGD269uqXPA1VvtCcmj/AD+EckhYuOfZVwxF55Be09Jxd6LYxMWFdkU6iWhVBGALBZcYVDGrotmNn3TuD3giIHM6b1vgb/J4eKkS4Ip1aqgnKTyN5sJhdmmpePeG4zw+J3mcvI812KtxsDQGtAAAsANABoArisJWR5qtVdWbmwiIskQREQBERAEREAWNVUscjDHKxj2HVr2hzT4g5LJRAc67YyhuCIQ0D4WuLWnyBy8rKHNrsY+01TnNsIWfdQtGjY2ZNsOHzeduAU/VjC6N7W6lrgPEjJfNMTLO3XNIIdYg5EEagjgVWr5WR6PYm9Uc5zbbVkru+t7/AGRtsHw9z3NY0bznENA5k6BTls7hLaanbC2xPvPd87zqfDgOgCj72X04dVl9vdic4G2jiWtH0LvqpWW9GKtcq7YxEpVFS4LN+PDsjAxjEWU8D6iT3WNvbi46NYOpJAHioGxTEJKiZ88pu5xueTRwa38Nsgu19q+M3kZRsPdZaWTq5wIa0+Dbn9Y5KPlpVleVuRf2RhVTpfEesvtw76+FipVXVKKM6pWiouvGsc7TRG7GH1PXSALxpc73Rlz/ALrJhogNc/29FlsiSzZFKsuBgxUXzZrNigA0V9sayaalc9wYxrnOOgaCSfILaMbFedRvUx2MWTDESQ0AknIAC5J5ADVdXhOw0r7OqHCNvyiznn/5b9fBdjheDwQD7pgB0Ljm8/qP7DJSqmc6ttCnD6c36dzldn9jnG0lT3W6iMHvH8xGg6DPwXcxRhrQ1oAaBYACwAHABXEUqSRx61edZ3k/ZBERZIQiIgCIiAIiIAiIgCIiAKDtt9oo5at7I6em3GPLS8wAvlIO4XukGYFxlbO1vBTiof2i9m9Ual8tOWSRvc5wBk3XM3iTukHI2vrfNQ1lJpbp1dkyw8ardZpZZX01NhsNtRCwsg7GJgkLW7zN69zk3e3ibi55i1ypQUT7M7C1AqI3TDdZG5ryS4XduEENAB4215KWFtT3rZkW0vgOrek9dePvwPnvaOpMlbPIdXTPHkHFrR5NaB5LXra7Y0DoK+aJ3uue6Vh+ZshLm28CS3xaVqFWPV0GnSg46WX2K16qVchZc2Ruxu8i7Twbxz0WcyJVQx2FlksYsxRTqTuy02NZuH4ZLM7chY5x42GQ8Sch5re7LbNmc9pJdsTTbLV5+UchzPkOkiUlKyNgjja1rRoALefU9VNGFzl4rHRpPdiry9F+b9DkML2EGTql9/wM08C85+gHiutoaCKJu7ExrB0GZ6k6k+Ky1p9qcV+y0klQBvOaBug6FznBrb9LkKSyirnJlVq4iSg3e7slwu8kZeIYlDCLzSxxg6bzgL9ANT5LUjbbDybfaG/0PA9d1QvXV0k0hlle5z3auP7AcB0GSsWUDru+SO3T2JTt88m30sl6ps+h6CuilbvxSMe3m1wNuhtostfOtBXywvEsL3NcOLTbyPMdCpY2K2xbVjsJbNqALi2TZQNSOTuY8x0khVUsmUMZsudBb8HvR481/HVHZIiKU5YREQBERAEREAREQBERAEREARa7GcZgpou1neGt0A1c8/K1upKjnFfahM5xbTRMYzg5433nrYEBvh3vFaymo6lvDYKtiM6ay5vJfz5HabX7KxV0Qa47krL7kgFy2+rSPiaeShvHtnayjdaeO7L2bIzvMd56g9LAroaf2j1oN3Ojd0dEAP8AbY/VdXg+3VPO3sqtrG73dJPehd0cHZt87jmVBLcnnozr0IY3BK1lOPJa+XH0fgQ9HKSttRtACkDHvZxDJ99RODCe9uXux187sdw+o8FyztnKmE2kjkHXdJHkRkVp8OUXmXYY6hXj8srPk8mWYgtvgeGuqJmxtyvm53ytGrv84kJhmAVMrgGRut8zgWsHXeOvlcqR8AwZlNHujvPdm99vePIcgOSljFso4vGRpRsn837mzYUtO2NjY2CzWiwCvoinPPN3zYWBjWGsqaeSnffde21xq0g3a4dQ4A+Sz0QzGTi01qiI4/ZlVdrYyQCO/vguJt0Zu69L26rvcI2Uo6dgDYmPdaxfIwPe7nmRZo6CwWxrsUghH30rGcbE5+mq0tRt5QN0kc78rD/NlEqcIM6M8RjcVG1m1/qrJ9v66HOe0XZSGOA1dOwRlrgJGtFmua423g3RrgSNNRfio9pZ3RvbIwlrmkOaRwIzBXYba7aipi+zwtc2MkFxdq62gtwXFKvVcd75Tu7PhWjR3a2uevLkz6DwauE9PFOMu0YHEciR3h5G4WetDsRTuZh1O12pZv8Ak9xePo4LfK5F3SPKVoxjUlGOibt4XyCIiyRhERAEREAREQBERAFh4hWMhhfNKbMY0vcegHAcTwssxR57X8SLaeKmac5XF56iO1mn9Tgf0LWct1XJ8LQ+PWjT5v04+hHm0WNy1c7ppDlo1t8o28GD+TxK1i8XqpnuIxjGKjFWSCvU8u6enFWUQy0dls/jVRT2ML7xk3Mbs2nmQOB6i3W6kvAdoYqgbtiyS2bCdee6eP7qI8Kk7gW2ppi0hzSQQbgjUEaFTwdji47CwrNtq0ufvz+/UmJFrcCr+2gbJ8Xuu/MNfXI+a2SnPNyi4ycXqgiIhqFzu2uPfZKbfbYyPPZsHI2JLvIBbXE8Rip4jNK4NYPqeAHVRztZtBTV8bYIy5krZA+MvADH3BaWOPwXByJyuBcgZrScrJ21LuCw7qVFKUW4J58v3n0OFq6uSV5fI5xJNySbqyutwLYGrllAna6GIe8SQXH8LQCbnqch10MkUWyNBGABTwuI+J7BI6/O77qtGlKWf3O9iNp0KNor5v8Am1l56dvOxBbGkuDWgknQAXJ8AF2eyew000jZaprooAd4scLPk/BunMNPEmxtprcSzBTsYLMa1o5NaAPorylVBJ5s51bbU5xtTju9b3flpb175lIFhYaaKpEU5xQiIgCIiAIiIAiIgCIiAKJPbKD9qpzwMTgPEPz/AHCltcP7VMGM9H20YvJTkyWGpY4WeB4Wa79BUdVXiXtm1VTxMXLTNd1YhxeqhpuLhVKoezaKkC8V2nZcrNwbfDxZq2UTlgU+QssyNbo59R3dyQfZ9KTHK3gHNPmQQf8AiF1y5nYSmLaUvOsjy4flb3R9Q71XTKzHQ8vjGnXlbmERFsViPva61/2eAi/Z9o4O5bxb3L+jlFoOdwvoivo45o3RStD43CxaRcHiPAg2IPAhc/RbB0EUglDHuLTvNa9+81pGmXxfquq9Si5Sujt4DadOhR3Jp3WlrZ+uRu8DLjSwGS++YY96+u9uC9+t1sERTrI4sndthERZMBERAEREAREQBERAEREAREQBERARdtf7NSXOnw/dAcS50Djui517J2jbn4TYDgQMlHeIYfUQO3KiCVh070Zsfyu0d5FfSqtTRNc0te1rmnIggEHxBUMqKemR1sNtitSjuzSkvXv7o+aG3PA+lllQGymnFNhaOW5awxO5x5D+g5ellzVR7NZQfu5YSObt5p9AHfuovgyOjHa9GeuXicXA9dDs7hj6mYMbcN1c7gxvPxPAf3W+w72c5gzygDi2MXJ/U7T0XbYbh8UEYjhaGt16uPMnUlSQpviVcTtKCTVPN8+C9y/BC1jGsaLNaA0DkALAK8iKc4QREQBERAEREAREQBERAEREAREQBERAEREAREQBERAEREAREQBERAEREAREQBERAEREAREQBERAEREAREQBERAEREAREQBERAEREAREQBERAEREAREQBERAEREAREQBERAEREAREQBERAf/2Q==','svetsko'),
(11,'Prva liga Beograda','Stadion Obilic','rejtingovan','redovan',1,'aktivan','https://miro.medium.com/v2/resize:fit:980/1*UxsqCG40e62ZZ5bj_vElLQ.png','drzavno'),
(12,'Kategorni za osvajanje druge kategorije','SK Cukaricki','kategorni','ubrzani',4,'aktivan','https://sahovskiklub.rs/wp-content/uploads/2018/01/skola-saha-i-sahovski-klub-vidikovac.png\"','drzavno'),
(13,'Kategorni za osvajanje prve kategorije','SK Crvena Zvezda','kategorni','brzopotezni',2,'zavrsen','https://sahklubcrvenazvezda.rs/wp-content/uploads/2022/08/Sahovski-klub-Crvena-zvezda-logo-350.gif','balkansko'),
(14,'Bozicni turnir','Hotel Slavija','nerejtingovan','ubrzani',3,'aktivan','https://media-cdn.tripadvisor.com/media/photo-m/1280/16/c0/67/51/slavija-hotel.jpg','drzavno'),
(15,'Prvenstvo kluba ','SK Kralj','nerejtingovan','ubrzani',4,'aktivan','data:image/jpeg;base64,/9j/4AAQSkZJRgABAQAAAQABAAD/2wCEAAoGBxQTBhYTEhUUFhYZFhgaExYaFBoaGRodGhkaGSIcIBoaISsiGx8oHR0ZJTQkKC0wMzMxGSFDPDcwQSswMS4BCwsLDw4PHBERHTAoIikwMjAzMDMuMjAwMDAyMDAwMDAwMDAwMDAwMDAwMDAwMDAwMDAwMDAwMDAwMDAwMDAwMP/AABEIAOEA4QMBIgACEQEDEQH/xAAbAAEAAgMBAQAAAAAAAAAAAAAABQYCAwQHAf/EAD4QAAIBAgQEBQEFBQUJAAAAAAABAgMRBAUSIQYxQVETImFxkYEUMkKhsSNSYsHRFTM0svAHJCVTcnOCkqL/xAAaAQEAAwEBAQAAAAAAAAAAAAAAAQIDBQQG/8QAMBEAAgECAwYFBAIDAQAAAAAAAAECESEDEjEEBUFRYXETgZGxwSIyodEj8EJS4RT/2gAMAwEAAhEDEQA/APZgAAAAAAAAAAAAAAAAAAAAAAAAAAAAAAAAAAAAAAAAAAAAAAAAAAAAAAAAAAAAAAAAAAAAAAAAAAAAAAAAAAAAAAAAAAAAAAAAAAYydlcq/EvEkIaYQqRjJuyvJKUu2n97zbfRlmrRvRa7pnmOYZfi6GaRvWcaOp+RQpyWznPdzg2ruVua2ZWWl9OPPyF/8deun4uTmQcSxjjZQxOIcm0vDjUjGEnvJ3UYxUZLTp3V91K9i44esp0IzjylFSXs1dHnWJy2vXx2ihWlTp2eu0abunJxtqnCT5Lo/wAXqj0LA0lDBQgndRjGKfskjTESU2o6GWzucsKLnrQ6AAVNQAAAAAAAAAAAAAAAAAAAAAAAAAAAAAAAAAYTlaLfYzMWroAqeL44i8RUp0aNWpKDipNOmopSTaleU07XUlsnvH1V4CbnWqaquqNpbQjiKjTV7+fRojU9nF2SSuzDOMD9n42Vvu106b95WlH4qRj9GzpPZsmFhzq5Xaflc5O88fGw2oxdE1w1639PU5quFtUdSk5Rqadkq1SEJO1lqjCWl+7TJnA8aSpYaEK2GnGMY6U6dSFVeWLsrtwk20ukCOM8twvjZ9Sp/hjepLt5HFpejU3Ta9NRrtmFBReJx9+5593bRi+IsKtY9eCXL+6s9BpTvTTas2k2udvS5sMUrRMjnHeAAAAAAAAAAAAAAAAAAAAAAAAAAAAAAAAAAAAKjx1hb43DyXNzUU+zl5U/lkRWt4rty3t7XJzjHFxWLoQulLxIyin1ad4r1u7KxAR+7vz6nt2D75dl8nH3u1lgur/XufSY4Kof8Tqzf/LpJfNS7+q0/CIYmuDsd/v9SlKFpNRcWneMoxSV3+7JSe6/ijbm7a7f9ke/wzz7pp4zr/q/dFuABzT6AAAAAAAAAAAAAAAAAAAAAAAAAAAAAAAAAAGnF4iNOi5ydkuZuNVehGdJxkrp80Aed57xJg8RjozU3CUL2lOMopPlsnFuX5Lqmz5RqxnRU6c4zi20pRbtdc1vZpq62fddyzYngvCaG9FtmVnBYKNLA+T8VSbe/PTJwXPlsmtvr0PRsk3HEUeepzt5YMZ4TxG3WOnK7MmzHLeJqWGzWTc6VSLWmSipKrCUXZ7OKjUT26prT1vZbqFJTrqMldN7r2838ixUOD8M0puN2/M2+re9zXbsRtqHmYbqwY0eLW+hMZZjo1sFGpC+mSvG6advZ7r6nUasPQjCkoxVkuRtPEdgAAAAAAAAAAAAAAAAAAAAAAAAAAAAAAAAAAAA04uVsLJ+jKG/8DS9Yzl81Jv9Gi75rO2Wzf8ACyi+JehCPWMYp+jaUrfn+ZvsqrjR8/Y8O8XTZ35e5nhJWxCfZP8AytF8wf8AhIf9K/QoFN+dfT9S+ZfPVhItcmtvk125fyJ9Pk8+6JfxzXVex0gA8Z1gAAAAAAAAAAAAAAAAAAAAAAAAAAAAAAAAAAYTmowbeyXMAiOLsTpypx6zaivqU6g7w1fvO/K23KN/XSo/BKcSYh1cTv8Ad3UV6cm378vnk0iOPdsOG74j7L5ZxN646bWEuF334IPkWvg/H+Llln96EnCS7ONrfMHB/wDkVylls62GcKVSdObkrSjOUNo7/ha7s68jy6tg8zXjValR1NlqqTkvKm/xN+pntmLmnkppxr8G+7NncYeJX7uFOvP/AIXUGujUUqalFppq6a9dzYeU6gAAAAAAAAAAAAAAAAAAAAAAAAAAAAAAAAAKvm2byl4ijtomo7+qvf33X+t1Z3yKPivv4n/vL/LEvhxUppPmY7RJxwZyjqk/Y4pzbldu7MT6fDuJU0Pk223VnRgs0nQxCcaUakd3/eKMk3ZcmrNWv1TvY6sXj6uLj5Kbo1If3T8SEk5STjys+Sv9bczglQqywrdBRlO6UVKOpevP0a+DZklTFUs4prERhGMm7KMErtJvmn6PvzOPtThnkknW3KnDz0O/u9Y/hwdY5b2vX9Erwjl2KovTVm3DpG0FFe2mCaXpexbCv5fxSquL8NUa0P4pqmo8+8akn+RYDzpZbHSjNSVYtPsAASSAAAAAAAAAAAAAAAAAAAAAAAAAAAAAAfGefZ48RTzCrGlQU4znqblq7JWWlrt3PQiMx+dUKMW6s4xSaTk7JJvpfuK0IaTVJaFFyyrVqSqqrThT8NR2SnduWp/ik1a0H8ozxSqrCqVGnCo72cWp7Kz38sl1RvzrNF9onWoQWIhV0qLjUsloU091GXWa6dGdHCGcpTqSrQ8GMIam3U1bXSbd4Rst18mv/pl4bjmda69ON+54XsUPHU1GOWjt17GvhfMKscx/b0o00ozklFTu7LfZuV9ui7ep05rncMSlUwynKdHzaJ0K9PVqTiknUhFPney7GGe51TqVliMM4V1CM4OMJb3nGy3SfucXDGayebRhOh4ae93U1PypuyXhx6X6mLaabbdf7qz1pSjKMcOKy8enZcbmvKcbiY5rT8WjTpxlNRbSmm7uyS1Sa526FqpcW0JYrwl4urfnh68Y7fxypqHs72ZwZ1nlCtGPgVKdSdKcasoRktVqclJq3fa2/UreGzmp9pTlhnBOylJ1W0lsr28NfqG1dybrS3H40K5XHKsGMaVvw811PSft9O9tS52/K/6Gp5vS8RR1O7s/uuyv3drIpUqzWO8B1sOqn3HDxHr29O50yyrESxCk4Jrmml3t39vpcpmlwN1TmW5ZnTcb6tt/ydre90/g1/2zS8PVqfO1tLv06NX6oq6ybERX3dlyXPpZ3733v9LWsY4nJMQ6aSirNNWV+rUu/oT9QsW2Wa01bd72t5ZbX77eX6mbzCna+rv+X+n8FWhlWIScXBNWSXPayS2d7pu3r/XCOS4hTW135Or/AApL9L/PoKy5Cxb6WKjKclF3021el/X6M+fbqf7y2/pf4IzI8BVhh6iqc5cvTnsvT+hDLKMRGp92904/Rtv9Wvgm4sWdZpS121b3S5O27S2drPdrl3OTM88ULqFm/L0bXmbS2XPk/ggMyyqrCjKXJ6k1b1sv0SNmKyWr4t4rUpqPTZWVk+d1169WVeYmxbcJV1YWMrp3Sd0rJ+y3N5zYGi4YSMXztv7vf9TpLrQqAASAAAAAAAAAAAAD4edZ1mqo4+tCUKsnKpqWhR2SSX4mvyPRjmq4GnKd5Qi33sKtOqdGRKMZJxkqplW4RzalOhOU06cY2SdVwXO76SaW+2/Y5eI8wp08fKtTtUpypeH+ylCTUnUpz3823lhI05/i6GHzStComoz8PTGMNXJVLu3LrE6+C8TQq1ZQjF6Ur+alpV2+i3Vyrdm3K9fPnXkZpNNYah9NNa/jmaOE84p1Mws4VIRipSlKpotyt0k/e/Lmd3E2Po66dWlKnUVLVKcac4OVnFx5X33aX1PnE7p4fHRrODjTVOpGTjBveUWkvdsi+F8bh55iqdOMvM05Xo6Y2jfna/fr/MSkpZpSlf3EYvDcIYcPp76evNmrJs8jPNIRVKstUrNy0WV/aV3vtZLqWLifEUa2VSp0p0ZVOkVUhq259efoZ8T4WEKNKpCFlCrTnUlGDdoxkm27LkkmVPC5xhni04qeqVk/2FrXSTbknexMp5nKUpXp600ViIw8JRjhQs3e+ldXc31c91YvxVh8TpqSmqcnGChK7fJuXZ3PQMFWi6EUmm9K2v2ST/kUTCY+jSwUVVnCm3h4KDndRu6tbk7WbST2W+67lk4SwThTlOSak1FO6tyvJ+/mlJ37NdjPxJSkk70t2SNYYMMNNxVK37v1J6dRJbtIKou5WOMq7WLir2j4OIcu21Go9yvVeH5YfPFVpXhr1TjpaheV9ehrbxItJprfmJ4mXgXjGp6Wa3WjrtdX7GqNXTgVKXSN38HmueYhzqxrNJtVlKMmr6LOSjJdpRd//dEznlSsIxqepJnyTSW5yZPi1Uy6E1ycU7drq9vpy+hw8W13HLkk95TivzRdNNVK0JVzjKHddNnY2Racdjy/HZRGeNVaUYyU44qy0rfTCs0/e6TLVguMMLGSoyqOMk9Pmp1IRvflrnFQ/wDq3uZRxa0zWqql3DkWgGMZXjcyNigAAAAAAAAAAAAAAAAABxYvKaNWpqqQjJ92im8R06FDMqkJ6IUp0NLTi2m3Up7aYpt7KT5cky/kZmmRUcRNOrFNohkNJ2ZTuEKOEni/CoqnJO8pqNKUE7La+qMb2f6knxJhKOGxdGpFRpxvLW+ltEifyvIqOHm3SjZs25nldOvS01Y3QlWVW+PJU4ciMOEcOKjHRc7v1PPMilgf7WSpeDqm3Hy0ZRdpc1eUEkn7l2xWS4eOGk4wgpKLta1yJznIqGHq0alKKi/GpqT9HNXv6WITDYyj9v1RxKk5co/bpTTcrbKm6jXO+2nYSk25SbWnbTlrczjGOCowipNN96V56WFLBxxWXSprVelSjd6ZJalOq7Xas9prkS3+zfHyWHlh5qa0bwbhJR0/uqTVtpana/KStyZNZ1hYUclqypRUW4u7RUMbjKP2yMpYlR0xhqisc6aTildOmqiXurblFhrMqNLV3f4/RriY2SNcremiq+5M8dV4wxcJS5OlWirRcrudOcErJO920jPJeC6EcX9osrybmlptbU7+/wAk1hMJTrZdTc0pbXT5/UkoxtGyEYptSfIvWliD4zxypZK132+n0KhUy7GSwOuhK1Jq6jKlSlfs34tOUk7Wur878uR6LjMFCpC1SKkvU2RpJUtKW1rWJcKurIUqKhT/APZrmMpYWdGetyjJvU4tK0vM1dJRvrc9l0a7GfFWa05ZlSo3epVF5VFtPq9TX3V06vflzas+EwFOnJuEUr87GP8AZlL7V4jgtfexHh/RlqTm+qpUOJYxw+Boar2jSqxb0u7lKlOK2XVya+SKxGLwlbG05U41XNy/aJ0dpKWzvqduTfK+9j0bG4GnVjapFSS7mrDZNQpzvCnFP2Dw66OlqeQUuZnlFJwy6EZNtqKu3zfrY7AC6VFQqAASAAAAAAAAAAAAAAAAAAAAADhzjKoYjC+HU5ETg+CsPTxCnFO6exZAAaMXhY1MM4S5NWZXo8B4ZVL7878y0AA1UKKhRUVySsjaAAAAAAAAAAAAAAAAAAAAAAAAAAAAAAAAAAAAAAAAAAAAAAAAAAAAAAAAAAAAAAAAAAAAAAAAAAAAAAAAAAAAAAAAAAAAAAAAAAAAAAAAAAAAAAAAAf/Z','opstinsko'),
(25,'Uskrsnji turnir','SK Lasta','rejtingovan','brzopotezni',2,'aktivan','https://creativeshop.rs/sites/default/files/arts/cs3347-lasta.png','opstinsko'),
(26,'Prvenstvo Cukarice','Bilijar klub Garaza','nerejtingovan','brzopotezni',2,'aktivan','https://ih1.redbubble.net/image.2598876796.4654/st,small,507x507-pad,600x600,f8f8f8.jpg','svetsko'),
(28,'Dani misaonih igara','Kalemegdan','nerejtingovan','brzopotezni',2,'aktivan',NULL,'drzavno'),
(29,'Svetski kup','Beogradski sajam','rejtingovan','redovan',2,'aktivan',NULL,'svetsko'),
(30,'Kup sampiona Evrope','Hotel Hajat','rejtingovan','redovan',2,'aktivan',NULL,'evropsko');

/*Table structure for table `users` */

DROP TABLE IF EXISTS `users`;

CREATE TABLE `users` (
  `id` int(10) NOT NULL AUTO_INCREMENT,
  `name` varchar(300) DEFAULT NULL,
  `email` varchar(300) DEFAULT NULL,
  `email_verified_at` datetime DEFAULT NULL,
  `password` varchar(300) DEFAULT NULL,
  `remember_token` varchar(300) DEFAULT NULL,
  `created_at` datetime DEFAULT NULL,
  `updated_at` datetime DEFAULT NULL,
  `KlubID` int(10) DEFAULT NULL,
  PRIMARY KEY (`id`),
  KEY `fkklub` (`KlubID`),
  CONSTRAINT `fkklub` FOREIGN KEY (`KlubID`) REFERENCES `klub` (`KlubID`)
) ENGINE=InnoDB AUTO_INCREMENT=122 DEFAULT CHARSET=utf8mb4 COLLATE=utf8mb4_general_ci;

/*Data for the table `users` */

insert  into `users`(`id`,`name`,`email`,`email_verified_at`,`password`,`remember_token`,`created_at`,`updated_at`,`KlubID`) values 
(75,'player0','player0@gmail.com','2023-05-17 12:31:15','$2y$10$mS5hv7yv5JNNDRW8Ex/xJOnuIui3qjYHlLQM65kvZ0/lK318imMZC','jLlFA6UYX2','2023-05-17 12:31:15','2023-05-17 12:31:15',NULL),
(76,'player','player1@gmail.com','2023-05-17 13:21:47','$2y$10$6fzlBjBA6EfZbwNm3eg6FeofBP91baiWyjtKUDd.kiYg8ADuNBhVm','LA4GfKXBh1','2023-05-17 13:21:47','2023-05-17 13:21:47',NULL),
(77,'player','player2@gmail.com','2023-05-17 13:21:55','$2y$10$3HiwXYPweMQvedbd9L1B5ONe9GlxrtjDbri4Xv4F8UxCDGgQO6/Cq','gftsH2comT','2023-05-17 13:21:55','2023-05-17 13:21:55',NULL),
(78,'player','player3@gmail.com','2023-05-17 13:22:00','$2y$10$9oNqSKkum.vKLiFqZp3liOUTw9bXKXQrcu7.argh/PLOcd8JnHDJm','dq6V6XnDKZ','2023-05-17 13:22:00','2023-05-17 13:22:00',NULL),
(79,'player','player4@gmail.com','2023-05-17 13:22:04','$2y$10$8swkSes5s/89bWVk6rvjH.spdsb6sGUgD1qUssCdQByv/MIKGioSS','mgZFEXcmde','2023-05-17 13:22:04','2023-05-17 13:22:04',NULL),
(80,'player','player5@gmail.com','2023-05-17 13:22:07','$2y$10$4GbP9iNAyGztt57pUgzOI.Fawvd9s4YY0lvcEJtCHuubNofoCPOaO','bn8n3MFFzM','2023-05-17 13:22:07','2023-05-17 13:22:07',NULL),
(81,'player','player6@gmail.com','2023-05-17 13:22:10','$2y$10$CsXmQkLPKnMEr6bocgadm.x2DLipNiur3IZAt9eEfC1.1sayZ6ye2','IEJjV6O9tN','2023-05-17 13:22:10','2023-05-17 13:22:10',NULL),
(82,'player','player7@gmail.com','2023-05-17 13:22:14','$2y$10$1P5kxi3gxQ0sgeoB3DE2setqBleBlb3iCDnmorFBOjdtiHO/PMm0K','hyQpREZ6sv','2023-05-17 13:22:14','2023-05-17 13:22:14',NULL),
(83,'player','player8@gmail.com','2023-05-17 13:22:17','$2y$10$b.aWooo9UznTTF8L2oV5mu7q7dRDUZ7KPJb0Fxqzk26tsuwPc8fJK','tCapvc21zL','2023-05-17 13:22:17','2023-05-17 13:22:17',NULL),
(84,'player','player9@gmail.com','2023-05-17 13:22:20','$2y$10$wErpKsgHE5sPJfn5F2c0bO0dvBI7/iaKlaFhzC7CPNKVzKTaosv/e','qgAixbPQUM','2023-05-17 13:22:20','2023-05-17 13:22:20',NULL),
(85,'player','player10@gmail.com','2023-05-17 13:22:24','$2y$10$Ulv1SXIKA1Zp2WCPpVP1dueQ5uShvAOI1XXJpaBDJjVun6VnO.zPu','HpJ5hJZTIM','2023-05-17 13:22:24','2023-05-17 13:22:24',NULL),
(86,'player','player11@gmail.com','2023-05-17 13:22:27','$2y$10$L5epBM5kXACFnCCZq852POMODN5d2KToc3.l3u3J9CHAPSSwrBgp.','aJEwenKIjd','2023-05-17 13:22:27','2023-05-17 13:22:27',NULL),
(87,'player','player12@gmail.com','2023-05-17 13:22:30','$2y$10$FJNtVpoPYddMt/bCcSfSK.ieNdZz..wC3tHlfZxQCOVLH1IgVbcV.','19OrxOpQNw','2023-05-17 13:22:30','2023-05-17 13:22:30',NULL),
(88,'player','player13@gmail.com','2023-05-17 13:22:32','$2y$10$6sp6nmz.fv.ru3GtqJmcq.TKjmxUXHQSReCG.YdtrjRAl4unTDSrG','nq5yHhlBYQ','2023-05-17 13:22:32','2023-05-17 13:22:32',NULL),
(89,'player','player14@gmail.com','2023-05-17 13:22:35','$2y$10$3K5W9mRknZjpdr9dg6SVdusHJNLUCZKEMzUKJbc.ig/Yfv7nG3Pnu','Y8H3UQjfUN','2023-05-17 13:22:35','2023-05-17 13:22:35',NULL),
(90,'player','player15@gmail.com','2023-05-17 13:22:38','$2y$10$OTqdTM9T4dT07hX/.mThV.o662L0hifu2BY0Qj0qzXisDeQJmZLN2','zVlCbN2LeT','2023-05-17 13:22:38','2023-05-17 13:22:38',NULL),
(91,'player','player16@gmail.com','2023-05-17 13:22:41','$2y$10$Fy2YUbojgTrSKMlPKslZb.ABFSy2ZsrQZ8yTNsMa8gXN/mYZA78Nm','RMZtmrtHX8','2023-05-17 13:22:41','2023-05-17 13:22:41',NULL),
(92,'player','player17@gmail.com','2023-05-17 13:22:44','$2y$10$hye0x8PpeZ3U/kscm83qxevTx4mv705kH1E0tjhIAo9vIWv1ODs2.','TlpyRNtTPL','2023-05-17 13:22:44','2023-05-17 13:22:44',NULL),
(93,'player','player18@gmail.com','2023-05-17 13:22:48','$2y$10$kxq77qP5GrMvM4HFH5HEGusBsK32eCh3UrqDT0chi5vSaHI1VIrDO','0JVE9bUX8D','2023-05-17 13:22:48','2023-05-17 13:22:48',NULL),
(94,'player','player19@gmail.com','2023-05-17 13:22:52','$2y$10$cFFW3IYgE77tH4ZrKd9pAeUrWr/5o0JoHWI9taVLuEwRgWW3BRoMm','Mj3RbV4OKY','2023-05-17 13:22:52','2023-05-17 13:22:52',NULL),
(95,'player','player20@gmail.com','2023-05-17 13:22:56','$2y$10$QTC9h16ypY6qHedwJ0RxqeG4JLY0QGDR2Jyx6YEKM9ahTfEfQrLbm','b1uDKjlqO2','2023-05-17 13:22:56','2023-05-17 13:22:56',NULL),
(96,'player','player21@gmail.com','2023-05-17 13:22:59','$2y$10$vjxO6rh9uYEOcK259p74M.4GiGydQZVC3fHldewsI1089zubHWcV6','AGjq1aHmON','2023-05-17 13:22:59','2023-05-17 13:22:59',NULL),
(97,'player','player22@gmail.com','2023-05-17 13:23:02','$2y$10$QPYeYoNJ/6dA5OrizAlaxOjra82STugkN5dNxIPgHxQQuML4jXZVG','1JIT9110DL','2023-05-17 13:23:02','2023-05-17 13:23:02',NULL),
(98,'player','player23@gmail.com','2023-05-17 13:23:05','$2y$10$8oKjfJfFFgyPaw6gs5QdleMRyzxAICpPH9QvVrlthmb9RF3MQ9LZW','WgeN24Hr3g','2023-05-17 13:23:05','2023-05-17 13:23:05',NULL),
(99,'player','player24@gmail.com','2023-05-17 13:23:08','$2y$10$NrcGPMzFdI8RdpFGnRH3B.kCZAjI3inU.u48Mf0lPCG3oD88hszw2','yHtdusFqA7','2023-05-17 13:23:08','2023-05-17 13:23:08',NULL),
(100,'player','player25@gmail.com','2023-05-17 13:23:23','$2y$10$.dTgNk.C/E2aqWXJTAdntuowpp5Kua/Blvud75UG2scxsGefMhrRq','P1ivjyW8QE','2023-05-17 13:23:23','2023-05-17 13:23:23',NULL),
(101,'player','player26@gmail.com','2023-05-17 13:23:26','$2y$10$qUccsVu1HJkIJ4Cnb4W37ecOklSphSUTIcRnWYLpG022oEl0l2Py.','f69uCS5tBh','2023-05-17 13:23:26','2023-05-17 13:23:26',NULL),
(102,'player','player27@gmail.com','2023-05-17 13:23:30','$2y$10$E1Ohlmr.rWNmGo8SyVFb3eh74AHKT6U/KRA/TYOsPT0xPBSKdI47u','bkFk3sFUGo','2023-05-17 13:23:30','2023-05-17 13:23:30',NULL),
(103,'player','player28@gmail.com','2023-05-17 13:23:34','$2y$10$ViRKRvXNlxH6tRUlwElD1.BmmcUAPNPth3Ov3OREbQWjZHJ2NyVxi','TLftBKNRND','2023-05-17 13:23:34','2023-05-17 13:23:34',NULL),
(104,'player','player29@gmail.com','2023-05-17 13:23:37','$2y$10$sodBFlheZ6wq7MWY9EM/teBhw8fFcBszmsuvLnf56WzN/0B5.QaTC','JvFKxppVjh','2023-05-17 13:23:37','2023-05-17 13:23:37',NULL),
(105,'player','player30@gmail.com','2023-05-17 13:23:40','$2y$10$LLeD.631mvYqpJ0uGZcM6.pYcZYpSbV9X3/haFVAZbKKXc.iZOdLe','B6AtYaS68N','2023-05-17 13:23:40','2023-05-17 13:23:40',NULL),
(106,'player','player31@gmail.com','2023-05-17 13:23:43','$2y$10$/antj5i0zxENfJUWglKdp.sFD2j5p7Bkz66wa7dOVVVSYKlwqCq0q','UOswCFcsmN','2023-05-17 13:23:43','2023-05-17 13:23:43',NULL),
(107,'player','player32@gmail.com','2023-05-17 13:23:47','$2y$10$9mT8ck.ggxQM.eSj5sal5uSh1.vb5d1NHGElCC1YL7use9FccpQWe','8PTflnYURA','2023-05-17 13:23:47','2023-05-17 13:23:47',NULL),
(108,'player','player33@gmail.com','2023-05-17 13:23:49','$2y$10$jhJnYbTGUC9yYlpyvijZweBZuWnkum7OnT18c/XL.Pe7nFDfszPI6','0h4sqq2jop','2023-05-17 13:23:49','2023-05-17 13:23:49',NULL),
(109,'player','player34@gmail.com','2023-05-17 13:23:53','$2y$10$/Xdg7S4Ml7QyhCki0L5cI.uprMmIRBH66ikdKdtLJcd9I.EIb0wWa','iZ6leVxo5g','2023-05-17 13:23:53','2023-05-17 13:23:53',NULL),
(110,'player','player35@gmail.com','2023-05-17 13:23:56','$2y$10$EcrNRtjnuX7UwpeveppHbuRQ8d6nQbWRYktfs0E0uwsCEqhPqgvZO','ESk5AKlEQF','2023-05-17 13:23:56','2023-05-17 13:23:56',NULL),
(111,'player','player36@gmail.com','2023-05-17 13:24:00','$2y$10$C7bvvkXZ1bZSqSNIUHdiuO0O3iPVkHKR9yNJEUptKHLxcqOdFzZq2','f0IXvfWiSz','2023-05-17 13:24:00','2023-05-17 13:24:00',NULL),
(112,'player','player37@gmail.com','2023-05-17 13:24:03','$2y$10$8pPzHhRgY2fk8EsaBNQFAuax2lJIvqJtvCT5Plj3rBfNGo8MxSRcG','l9N8OBZsHf','2023-05-17 13:24:03','2023-05-17 13:24:03',NULL),
(113,'player','player38@gmail.com','2023-05-17 13:24:05','$2y$10$mqBr49w97WpivdHic8Gtk.TwasVDMdGREA3bGYXDUveZ2wGNHicOi','K7efNChi1G','2023-05-17 13:24:05','2023-05-17 13:24:05',NULL),
(114,'player','player39@gmail.com','2023-05-17 13:24:08','$2y$10$dDQtO1DadbUYNq6tD67F..6lgCTWKAEEtmsrtPmb2HEr0ZCyrtJIm','GoXJlb8fI4','2023-05-17 13:24:08','2023-05-17 13:24:08',NULL),
(115,'player','player40@gmail.com','2023-05-17 13:24:12','$2y$10$5HF1cU03VBy84ANeJK7kpOvSN1ALDDigcWDb5d07JMpLAUlFqCZYC','sZwKbyQeyi','2023-05-17 13:24:12','2023-05-17 13:24:12',NULL),
(121,'Viktor Mihajlovic','player41@gmail.com','2023-05-27 18:35:20','$2y$10$vYSHDYo8A5tdUdXDL9hjievQ0hJ5CkcQNuBxtgfpLfhKXZ9466nj2','dHWJHPLDrU','2023-05-27 18:35:20','2023-05-27 18:35:20',NULL);

/*!40101 SET SQL_MODE=@OLD_SQL_MODE */;
/*!40014 SET FOREIGN_KEY_CHECKS=@OLD_FOREIGN_KEY_CHECKS */;
/*!40014 SET UNIQUE_CHECKS=@OLD_UNIQUE_CHECKS */;
/*!40111 SET SQL_NOTES=@OLD_SQL_NOTES */;
